1,1000,R,1.01.01,LOJA,2026-07-04,2026-07-05,39169
1,1001,R,1.01.01,LOJA,2026-07-21,2026-07-21,71600
1,1002,R,1.01.01,LOJA,2026-07-08,2026-07-09,73688
1,1003,R,1.01.01,LOJA,2026-07-18,2026-07-19,45237
1,1004,R,1.01.01,LOJA,2026-07-18,2026-07-18,70544
1,1005,R,1.01.01,LOJA,2026-07-25,2026-07-25,66384
1,1006,R,1.01.01,DELIVERY,2026-07-08,2026-07-08,20152
1,1007,R,1.01.01,LOJA,2026-07-04,2026-07-04,37234
1,1008,R,1.01.01,LOJA,2026-07-15,2026-07-16,20689
1,1009,R,1.01.01,LOJA,2026-07-16,2026-07-16,60763
1,1010,R,1.01.01,DELIVERY,2026-07-13,2026-07-13,35091
1,1011,R,1.01.01,LOJA,2026-07-26,2026-07-27,42581
1,1012,R,1.01.02,DELIVERY,2026-08-16,2026-08-17,58263
1,1013,R,1.01.02,LOJA,2026-08-10,2026-08-11,25380
1,1014,R,1.01.02,LOJA,2026-08-09,2026-08-09,37256
1,1015,R,1.01.02,DELIVERY,2026-08-20,2026-08-21,62239
1,1016,R,1.01.02,LOJA,2026-08-09,2026-08-10,21484
1,1017,R,1.01.02,LOJA,2026-08-11,2026-08-11,41813
1,1018,R,1.01.02,LOJA,2026-08-02,2026-08-03,43926
1,1019,R,1.01.02,LOJA,2026-08-17,2026-08-17,49907
1,1020,R,1.01.02,DELIVERY,2026-08-13,2026-08-14,50382
1,1021,R,1.01.02,DELIVERY,2026-08-15,2026-08-16,43889
1,1022,R,1.01.02,LOJA,2026-08-08,2026-08-09,70669
1,1023,R,1.01.02,DELIVERY,2026-08-15,2026-08-15,50777
1,1024,R,1.01.03,DELIVERY,2026-08-16,2026-08-16,43471
1,1025,R,1.01.03,DELIVERY,2026-08-20,,61393
1,1026,R,1.01.03,DELIVERY,2026-08-17,2026-08-17,55765
1,1027,P,2.01.01,LOJA,2026-07-29,2026-07-29,126467
1,1028,P,2.01.01,LOJA,2026-08-11,2026-08-12,113064
1,1029,P,2.01.01,LOJA,2026-08-06,2026-08-07,114307
1,1030,P,2.02.01,ADM,2026-07-15,2026-07-15,180000
1,1031,P,2.02.02,ADM,2026-08-01,2026-08-02,25970
1,1032,P,2.02.02,ADM,2026-08-05,2026-08-06,19997
1,1033,P,2.02.02,ADM,2026-07-26,2026-07-26,22683
1,1034,P,2.02.02,ADM,2026-07-24,2026-07-24,12443
1,1035,P,2.02.03,ADM,2026-07-01,2026-07-02,1599
1,1036,P,2.02.03,ADM,2026-07-20,2026-07-21,4382
1,1037,P,2.02.03,ADM,2026-07-16,2026-07-16,2580
1,1038,P,2.02.03,ADM,2026-07-09,2026-07-09,3578
1,1039,P,2.03.01,SOCIOS,2026-07-17,2026-07-17,38001
1,1040,P,2.03.01,SOCIOS,2026-07-26,2026-07-27,28027
1,1041,P,2.03.01,SOCIOS,2026-07-02,2026-07-02,39942
1,1042,P,2.03.02,SOCIOS,2026-07-15,2026-07-15,23752
1,1043,P,2.03.02,SOCIOS,2026-07-15,2026-07-16,20340
1,1044,P,2.03.02,SOCIOS,2026-07-09,2026-07-09,16794
1,1045,P,2.03.02,SOCIOS,2026-07-14,2026-07-14,22637
1,1046,P,2.03.02,SOCIOS,2026-07-03,2026-07-03,19728
1,1047,P,2.03.03,SOCIOS,2026-07-12,2026-07-13,7160
1,1048,P,2.03.03,SOCIOS,2026-07-28,2026-07-28,10936
1,1049,P,2.03.03,SOCIOS,2026-07-01,2026-07-01,7106
1,1050,P,2.03.04,SOCIOS,2026-07-19,2026-07-19,8373
1,1051,P,2.03.04,SOCIOS,2026-07-20,2026-07-20,10350
1,1052,R,1.01.01,LOJA,2026-08-04,2026-08-05,57264
1,1053,R,1.01.01,LOJA,2026-08-09,2026-08-10,60109
1,1054,R,1.01.01,LOJA,2026-08-12,2026-08-12,29286
1,1055,R,1.01.01,LOJA,2026-08-22,2026-08-22,54984
1,1056,R,1.01.01,LOJA,2026-08-23,2026-08-23,63228
1,1057,R,1.01.01,DELIVERY,2026-08-18,2026-08-19,33376
1,1058,R,1.01.01,LOJA,2026-08-05,2026-08-06,77497
1,1059,R,1.01.01,LOJA,2026-08-17,2026-08-17,37441
1,1060,R,1.01.01,LOJA,2026-08-22,2026-08-22,29607
1,1061,R,1.01.01,LOJA,2026-08-26,2026-08-27,66945
1,1062,R,1.01.01,LOJA,2026-08-10,2026-08-10,50462
1,1063,R,1.01.01,DELIVERY,2026-08-26,2026-08-26,28912
1,1064,R,1.01.02,DELIVERY,2026-09-12,2026-09-12,20848
1,1065,R,1.01.02,DELIVERY,2026-09-12,2026-09-12,73266
1,1066,R,1.01.02,LOJA,2026-09-26,2026-09-26,40821
1,1067,R,1.01.02,LOJA,2026-09-24,2026-09-24,76704
1,1068,R,1.01.02,LOJA,2026-09-16,2026-09-17,48561
1,1069,R,1.01.02,LOJA,2026-09-09,2026-09-09,47008
1,1070,R,1.01.02,LOJA,2026-09-15,2026-09-16,76927
1,1071,R,1.01.02,LOJA,2026-09-19,2026-09-19,68296
1,1072,R,1.01.02,DELIVERY,2026-09-18,2026-09-18,51177
1,1073,R,1.01.02,DELIVERY,2026-09-19,2026-09-20,40185
1,1074,R,1.01.02,LOJA,2026-09-07,2026-09-07,60710
1,1075,R,1.01.02,LOJA,2026-09-17,2026-09-17,43949
1,1076,R,1.01.03,LOJA,2026-09-18,2026-09-18,85287
1,1077,R,1.01.03,LOJA,2026-09-24,,32891
1,1078,R,1.01.03,DELIVERY,2026-09-20,,70718
1,1079,P,2.01.01,LOJA,2026-09-07,2026-09-08,69685
1,1080,P,2.01.01,LOJA,2026-08-26,2026-08-26,64435
1,1081,P,2.01.01,DELIVERY,2026-09-03,2026-09-04,74553
1,1082,P,2.02.01,ADM,2026-08-15,2026-08-15,180000
1,1083,P,2.02.02,ADM,2026-08-23,2026-08-23,14183
1,1084,P,2.02.02,ADM,2026-08-16,2026-08-16,13479
1,1085,P,2.02.02,ADM,2026-09-04,2026-09-04,22855
1,1086,P,2.02.02,ADM,2026-08-25,2026-08-26,12008
1,1087,P,2.02.03,ADM,2026-08-16,2026-08-17,2834
1,1088,P,2.02.03,ADM,2026-08-26,2026-08-26,3074
1,1089,P,2.02.03,ADM,2026-08-27,2026-08-27,1784
1,1090,P,2.02.03,ADM,2026-08-08,2026-08-08,1515
1,1091,P,2.03.01,SOCIOS,2026-08-15,2026-08-15,34370
1,1092,P,2.03.01,SOCIOS,2026-08-18,2026-08-19,38499
1,1093,P,2.03.01,SOCIOS,2026-08-06,2026-08-06,43836
1,1094,P,2.03.02,SOCIOS,2026-08-28,2026-08-29,12351
1,1095,P,2.03.02,SOCIOS,2026-08-22,2026-08-23,18585
1,1096,P,2.03.02,SOCIOS,2026-08-07,2026-08-08,11645
1,1097,P,2.03.02,SOCIOS,2026-08-09,2026-08-10,18337
1,1098,P,2.03.02,SOCIOS,2026-08-24,2026-08-24,13217
1,1099,P,2.03.03,SOCIOS,2026-08-19,2026-08-20,9217
1,1100,P,2.03.03,SOCIOS,2026-08-05,2026-08-05,7217
1,1101,P,2.03.03,SOCIOS,2026-08-04,2026-08-04,17459
1,1102,P,2.03.04,SOCIOS,2026-08-04,2026-08-04,9476
1,1103,P,2.03.04,SOCIOS,2026-08-24,2026-08-25,10419
1,1104,R,1.01.01,DELIVERY,2026-09-21,2026-09-21,26379
1,1105,R,1.01.01,LOJA,2026-09-09,2026-09-09,55287
1,1106,R,1.01.01,LOJA,2026-09-10,2026-09-10,75909
1,1107,R,1.01.01,LOJA,2026-09-09,2026-09-09,35367
1,1108,R,1.01.01,DELIVERY,2026-09-14,2026-09-14,71990
1,1109,R,1.01.01,DELIVERY,2026-09-14,2026-09-14,77926
1,1110,R,1.01.01,DELIVERY,2026-09-04,2026-09-04,34114
1,1111,R,1.01.01,DELIVERY,2026-09-04,2026-09-05,25632
1,1112,R,1.01.01,LOJA,2026-09-19,2026-09-19,79285
1,1113,R,1.01.01,DELIVERY,2026-09-11,2026-09-12,66785
1,1114,R,1.01.01,LOJA,2026-09-21,2026-09-22,59283
1,1115,R,1.01.01,LOJA,2026-09-02,2026-09-02,75485
1,1116,R,1.01.02,DELIVERY,2026-10-20,,32938
1,1117,R,1.01.02,LOJA,2026-10-15,,45567
1,1118,R,1.01.02,DELIVERY,2026-10-22,,72704
1,1119,R,1.01.02,LOJA,2026-10-22,,42449
1,1120,R,1.01.02,DELIVERY,2026-10-17,,60884
1,1121,R,1.01.02,LOJA,2026-10-09,,43343
1,1122,R,1.01.02,DELIVERY,2026-10-12,,23458
1,1123,R,1.01.02,DELIVERY,2026-10-23,,46204
1,1124,R,1.01.02,LOJA,2026-10-01,,36886
1,1125,R,1.01.02,LOJA,2026-10-11,,37373
1,1126,R,1.01.02,LOJA,2026-10-25,,67991
1,1127,R,1.01.03,LOJA,2026-10-02,,47817
1,1128,R,1.01.03,DELIVERY,2026-10-12,,49133
1,1129,R,1.01.03,LOJA,2026-09-29,,62529
1,1130,P,2.01.01,LOJA,2026-10-02,,67770
1,1131,P,2.01.01,LOJA,2026-09-23,2026-09-23,114951
1,1132,P,2.01.01,DELIVERY,2026-09-27,,105707
1,1133,P,2.02.01,ADM,2026-09-15,2026-09-15,180000
1,1134,P,2.02.02,ADM,2026-09-27,,15019
1,1135,P,2.02.02,ADM,2026-10-01,,25546
1,1136,P,2.02.02,ADM,2026-09-20,2026-09-21,9490
1,1137,P,2.02.02,ADM,2026-09-15,2026-09-15,15052
1,1138,P,2.02.03,ADM,2026-09-13,2026-09-13,2218
1,1139,P,2.02.03,ADM,2026-09-22,2026-09-22,2159
1,1140,P,2.02.03,ADM,2026-09-06,2026-09-07,3129
1,1141,P,2.02.03,ADM,2026-09-23,2026-09-24,4304
1,1142,P,2.03.01,SOCIOS,2026-09-18,2026-09-18,26906
1,1143,P,2.03.01,SOCIOS,2026-09-26,2026-09-26,19431
1,1144,P,2.03.01,SOCIOS,2026-09-01,2026-09-01,23305
1,1145,P,2.03.02,SOCIOS,2026-09-14,2026-09-14,13957
1,1146,P,2.03.02,SOCIOS,2026-09-05,2026-09-06,24163
1,1147,P,2.03.02,SOCIOS,2026-09-03,2026-09-04,22593
1,1148,P,2.03.02,SOCIOS,2026-09-02,2026-09-03,19753
1,1149,P,2.03.03,SOCIOS,2026-09-09,2026-09-10,10089
1,1150,P,2.03.03,SOCIOS,2026-09-25,2026-09-25,14917
1,1151,P,2.03.03,SOCIOS,2026-09-22,2026-09-23,16088
1,1152,P,2.03.04,SOCIOS,2026-09-08,2026-09-08,7764
1,1153,P,2.03.04,SOCIOS,2026-09-22,2026-09-22,8069
1,1154,P,2.02.01,ADM,2026-10-05,,180000
1,1155,P,2.01.01,LOJA,2026-10-12,,115000
1,1156,P,2.02.02,ADM,2026-10-10,,24000
1,5000,R,1.01.02,LOJA,2025-01-16,2025-01-17,31747
1,5001,R,1.01.02,LOJA,2025-01-04,2025-01-05,35052
1,5002,R,1.01.02,DELIVERY,2025-01-19,2025-01-19,59133
1,5003,R,1.01.02,DELIVERY,2025-01-06,2025-01-06,67537
1,5004,R,1.01.02,DELIVERY,2025-01-14,2025-01-14,36342
1,5005,R,1.01.02,DELIVERY,2025-01-11,2025-01-11,53935
1,5006,R,1.01.02,LOJA,2025-01-04,2025-01-04,76395
1,5007,R,1.01.02,LOJA,2025-01-22,2025-01-22,53369
1,5008,R,1.01.02,DELIVERY,2025-01-01,2025-01-02,22127
1,5009,R,1.01.02,DELIVERY,2025-01-02,2025-01-02,66383
1,5010,R,1.01.02,LOJA,2025-01-02,2025-01-03,25496
1,5011,R,1.01.03,DELIVERY,2025-01-08,2025-01-09,53154
1,5012,R,1.01.03,LOJA,2025-01-25,2025-01-25,57230
1,5013,P,2.01.01,LOJA,2025-01-10,2025-01-10,113988
1,5014,P,2.01.01,LOJA,2025-01-10,2025-01-10,58763
1,5015,P,2.02.02,ADM,2025-01-02,2025-01-02,18876
1,5016,R,1.01.01,LOJA,2025-01-17,2025-01-17,36232
1,5017,R,1.01.01,LOJA,2025-01-27,2025-01-27,57613
1,5018,R,1.01.01,DELIVERY,2025-01-27,2025-01-28,15979
1,5019,R,1.01.01,LOJA,2025-01-23,2025-01-23,26911
1,5020,R,1.01.01,DELIVERY,2025-01-26,2025-01-27,39305
1,5021,R,1.01.01,DELIVERY,2025-01-15,2025-01-15,22918
1,5022,R,1.01.01,DELIVERY,2025-01-05,2025-01-06,49502
1,5023,R,1.01.01,LOJA,2025-01-04,2025-01-05,42192
1,5024,R,1.01.01,DELIVERY,2025-01-12,2025-01-13,56581
1,5025,R,1.01.01,LOJA,2025-01-27,2025-01-27,35411
1,5026,R,1.01.01,DELIVERY,2025-01-25,2025-01-26,35282
1,5027,R,1.01.01,LOJA,2025-01-08,2025-01-08,26529
1,5028,R,1.01.02,LOJA,2025-02-16,2025-02-16,36518
1,5029,R,1.01.02,DELIVERY,2025-02-25,2025-02-25,45251
1,5030,R,1.01.02,LOJA,2025-02-23,2025-02-23,31593
1,5031,R,1.01.02,LOJA,2025-02-20,2025-02-20,53465
1,5032,R,1.01.02,LOJA,2025-02-18,2025-02-19,43187
1,5033,R,1.01.02,LOJA,2025-02-10,2025-02-11,34910
1,5034,R,1.01.02,LOJA,2025-02-03,2025-02-04,46221
1,5035,R,1.01.02,LOJA,2025-02-03,2025-02-03,23942
1,5036,R,1.01.02,DELIVERY,2025-02-09,2025-02-09,38119
1,5037,R,1.01.02,LOJA,2025-02-22,2025-02-22,52083
1,5038,R,1.01.02,LOJA,2025-02-01,2025-02-02,33911
1,5039,R,1.01.02,DELIVERY,2025-02-08,2025-02-08,35950
1,5040,R,1.01.03,LOJA,2025-02-25,2025-02-25,24706
1,5041,R,1.01.03,LOJA,2025-02-23,2025-02-23,62021
1,5042,R,1.01.03,LOJA,2025-02-21,2025-02-22,44598
1,5043,P,2.01.01,DELIVERY,2025-02-06,2025-02-07,74537
1,5044,P,2.01.01,DELIVERY,2025-01-29,2025-01-30,65370
1,5045,P,2.01.01,LOJA,2025-02-14,2025-02-14,73393
1,5046,P,2.02.01,ADM,2025-01-15,2025-01-16,165000
1,5047,P,2.02.02,ADM,2025-01-19,2025-01-19,14299
1,5048,P,2.02.02,ADM,2025-02-07,2025-02-08,23791
1,5049,P,2.02.02,ADM,2025-01-17,2025-01-17,14176
1,5050,P,2.02.02,ADM,2025-01-28,2025-01-29,17912
1,5051,P,2.02.03,ADM,2025-01-16,2025-01-17,2103
1,5052,P,2.02.03,ADM,2025-01-04,2025-01-05,3010
1,5053,P,2.02.03,ADM,2025-01-13,2025-01-13,1583
1,5054,P,2.02.03,ADM,2025-01-17,2025-01-18,4252
1,5055,P,2.03.01,SOCIOS,2025-01-26,2025-01-26,44682
1,5056,P,2.03.01,SOCIOS,2025-01-16,2025-01-16,17797
1,5057,P,2.03.01,SOCIOS,2025-01-03,2025-01-03,42925
1,5058,P,2.03.02,SOCIOS,2025-01-14,2025-01-14,23812
1,5059,P,2.03.02,SOCIOS,2025-01-09,2025-01-09,13694
1,5060,P,2.03.02,SOCIOS,2025-01-05,2025-01-05,15095
1,5061,P,2.03.02,SOCIOS,2025-01-17,2025-01-17,14758
1,5062,P,2.03.02,SOCIOS,2025-01-14,2025-01-14,19268
1,5063,P,2.03.03,SOCIOS,2025-01-05,2025-01-05,14425
1,5064,P,2.03.03,SOCIOS,2025-01-02,2025-01-02,8329
1,5065,P,2.03.03,SOCIOS,2025-01-01,2025-01-01,14244
1,5066,P,2.03.04,SOCIOS,2025-01-24,2025-01-25,6843
1,5067,P,2.03.04,SOCIOS,2025-01-16,2025-01-17,4839
1,5068,R,1.01.01,LOJA,2025-02-19,2025-02-20,20252
1,5069,R,1.01.01,LOJA,2025-02-23,2025-02-24,23579
1,5070,R,1.01.01,LOJA,2025-02-01,2025-02-01,31483
1,5071,R,1.01.01,LOJA,2025-02-20,2025-02-20,21892
1,5072,R,1.01.01,DELIVERY,2025-02-18,2025-02-19,43148
1,5073,R,1.01.01,DELIVERY,2025-02-18,2025-02-18,41960
1,5074,R,1.01.01,LOJA,2025-02-24,2025-02-24,42678
1,5075,R,1.01.01,DELIVERY,2025-02-11,2025-02-11,41579
1,5076,R,1.01.01,LOJA,2025-02-07,2025-02-07,54207
1,5077,R,1.01.01,LOJA,2025-02-05,2025-02-05,47060
1,5078,R,1.01.01,LOJA,2025-02-14,2025-02-14,51748
1,5079,R,1.01.01,LOJA,2025-02-23,2025-02-23,20395
1,5080,R,1.01.02,LOJA,2025-03-28,2025-03-28,15588
1,5081,R,1.01.02,DELIVERY,2025-03-14,2025-03-14,55265
1,5082,R,1.01.02,LOJA,2025-03-19,2025-03-19,42979
1,5083,R,1.01.02,LOJA,2025-03-24,2025-03-24,51783
1,5084,R,1.01.02,LOJA,2025-03-03,2025-03-04,16462
1,5085,R,1.01.02,DELIVERY,2025-03-21,2025-03-21,36169
1,5086,R,1.01.02,LOJA,2025-03-09,2025-03-09,22459
1,5087,R,1.01.02,DELIVERY,2025-03-24,2025-03-24,19029
1,5088,R,1.01.02,LOJA,2025-03-24,2025-03-24,35316
1,5089,R,1.01.02,LOJA,2025-03-17,2025-03-17,33734
1,5090,R,1.01.02,LOJA,2025-03-22,2025-03-23,31368
1,5091,R,1.01.02,LOJA,2025-03-30,2025-03-30,23692
1,5092,R,1.01.03,DELIVERY,2025-03-24,2025-03-24,38637
1,5093,R,1.01.03,LOJA,2025-03-26,2025-03-26,22885
1,5094,R,1.01.03,DELIVERY,2025-03-28,2025-03-28,62548
1,5095,P,2.01.01,DELIVERY,2025-03-12,2025-03-12,102447
1,5096,P,2.01.01,LOJA,2025-02-25,2025-02-25,86579
1,5097,P,2.01.01,LOJA,2025-03-06,2025-03-06,45872
1,5098,P,2.02.01,ADM,2025-02-15,2025-02-16,165000
1,5099,P,2.02.02,ADM,2025-02-22,2025-02-22,22044
1,5100,P,2.02.02,ADM,2025-02-23,2025-02-23,12516
1,5101,P,2.02.02,ADM,2025-02-13,2025-02-13,22555
1,5102,P,2.02.02,ADM,2025-02-26,2025-02-26,10715
1,5103,P,2.02.03,ADM,2025-02-21,2025-02-21,4208
1,5104,P,2.02.03,ADM,2025-02-08,2025-02-09,2319
1,5105,P,2.02.03,ADM,2025-02-10,2025-02-11,2513
1,5106,P,2.02.03,ADM,2025-02-13,2025-02-14,3209
1,5107,P,2.03.01,SOCIOS,2025-02-03,2025-02-03,26688
1,5108,P,2.03.01,SOCIOS,2025-02-21,2025-02-21,21397
1,5109,P,2.03.01,SOCIOS,2025-02-25,2025-02-26,26861
1,5110,P,2.03.02,SOCIOS,2025-02-01,2025-02-01,11722
1,5111,P,2.03.02,SOCIOS,2025-02-24,2025-02-24,13555
1,5112,P,2.03.02,SOCIOS,2025-02-13,2025-02-13,17571
1,5113,P,2.03.02,SOCIOS,2025-02-21,2025-02-21,15635
1,5114,P,2.03.02,SOCIOS,2025-02-09,2025-02-09,13763
1,5115,P,2.03.03,SOCIOS,2025-02-18,2025-02-18,12486
1,5116,P,2.03.03,SOCIOS,2025-02-17,2025-02-17,12816
1,5117,P,2.03.03,SOCIOS,2025-02-21,2025-02-22,11332
1,5118,P,2.03.04,SOCIOS,2025-02-03,2025-02-04,8395
1,5119,P,2.03.04,SOCIOS,2025-02-25,2025-02-25,11643
1,5120,R,1.01.01,LOJA,2025-03-06,2025-03-06,35962
1,5121,R,1.01.01,LOJA,2025-03-18,2025-03-18,47225
1,5122,R,1.01.01,LOJA,2025-03-16,2025-03-17,37702
1,5123,R,1.01.01,LOJA,2025-03-10,2025-03-10,34945
1,5124,R,1.01.01,LOJA,2025-03-09,2025-03-09,44699
1,5125,R,1.01.01,LOJA,2025-03-24,2025-03-24,31469
1,5126,R,1.01.01,LOJA,2025-03-19,2025-03-19,18805
1,5127,R,1.01.01,LOJA,2025-03-22,2025-03-22,36164
1,5128,R,1.01.01,LOJA,2025-03-02,2025-03-03,45754
1,5129,R,1.01.01,LOJA,2025-03-03,2025-03-03,56546
1,5130,R,1.01.01,DELIVERY,2025-03-16,2025-03-16,29213
1,5131,R,1.01.01,LOJA,2025-03-04,2025-03-05,63530
1,5132,R,1.01.02,LOJA,2025-04-04,2025-04-04,65608
1,5133,R,1.01.02,LOJA,2025-04-03,2025-04-03,19187
1,5134,R,1.01.02,LOJA,2025-04-06,2025-04-06,59723
1,5135,R,1.01.02,LOJA,2025-04-03,2025-04-03,34832
1,5136,R,1.01.02,LOJA,2025-04-14,2025-04-15,46719
1,5137,R,1.01.02,LOJA,2025-04-13,2025-04-14,34868
1,5138,R,1.01.02,DELIVERY,2025-04-04,2025-04-05,64298
1,5139,R,1.01.02,LOJA,2025-04-15,2025-04-15,22360
1,5140,R,1.01.02,DELIVERY,2025-04-19,2025-04-19,58995
1,5141,R,1.01.02,LOJA,2025-04-21,2025-04-22,52920
1,5142,R,1.01.02,DELIVERY,2025-04-20,2025-04-20,30599
1,5143,R,1.01.02,LOJA,2025-04-07,2025-04-08,41774
1,5144,R,1.01.03,DELIVERY,2025-04-19,,26975
1,5145,R,1.01.03,DELIVERY,2025-03-29,2025-03-29,56167
1,5146,R,1.01.03,DELIVERY,2025-04-22,2025-04-23,29322
1,5147,P,2.01.01,DELIVERY,2025-04-02,2025-04-02,77967
1,5148,P,2.01.01,LOJA,2025-04-01,2025-04-01,78747
1,5149,P,2.01.01,LOJA,2025-03-24,2025-03-24,101836
1,5150,P,2.02.01,ADM,2025-03-15,2025-03-16,165000
1,5151,P,2.02.02,ADM,2025-04-06,2025-04-06,22069
1,5152,P,2.02.02,ADM,2025-03-25,2025-03-25,16214
1,5153,P,2.02.02,ADM,2025-03-23,2025-03-23,22768
1,5154,P,2.02.02,ADM,2025-03-15,2025-03-16,20112
1,5155,P,2.02.03,ADM,2025-03-11,2025-03-12,2373
1,5156,P,2.02.03,ADM,2025-03-27,2025-03-27,4262
1,5157,P,2.02.03,ADM,2025-03-21,2025-03-21,2608
1,5158,P,2.02.03,ADM,2025-03-15,2025-03-15,4126
1,5159,P,2.03.01,SOCIOS,2025-03-18,2025-03-19,17491
1,5160,P,2.03.01,SOCIOS,2025-03-19,2025-03-20,29546
1,5161,P,2.03.01,SOCIOS,2025-03-15,2025-03-15,23966
1,5162,P,2.03.02,SOCIOS,2025-03-03,2025-03-04,14652
1,5163,P,2.03.02,SOCIOS,2025-03-20,2025-03-20,11226
1,5164,P,2.03.02,SOCIOS,2025-03-16,2025-03-17,20875
1,5165,P,2.03.02,SOCIOS,2025-03-11,2025-03-11,14244
1,5166,P,2.03.02,SOCIOS,2025-03-08,2025-03-09,15367
1,5167,P,2.03.03,SOCIOS,2025-03-11,2025-03-11,10397
1,5168,P,2.03.03,SOCIOS,2025-03-11,2025-03-12,14511
1,5169,P,2.03.03,SOCIOS,2025-03-20,2025-03-21,17023
1,5170,P,2.03.04,SOCIOS,2025-03-09,2025-03-09,7504
1,5171,P,2.03.04,SOCIOS,2025-03-15,2025-03-15,6541
1,5172,R,1.01.01,DELIVERY,2025-04-24,2025-04-24,62222
1,5173,R,1.01.01,LOJA,2025-04-27,2025-04-27,35411
1,5174,R,1.01.01,LOJA,2025-04-19,2025-04-19,36526
1,5175,R,1.01.01,DELIVERY,2025-04-12,2025-04-13,57274
1,5176,R,1.01.01,DELIVERY,2025-04-19,2025-04-19,45403
1,5177,R,1.01.01,LOJA,2025-04-15,2025-04-15,61521
1,5178,R,1.01.01,DELIVERY,2025-04-08,2025-04-09,43015
1,5179,R,1.01.01,LOJA,2025-04-10,2025-04-11,65854
1,5180,R,1.01.01,LOJA,2025-04-14,2025-04-15,20134
1,5181,R,1.01.01,DELIVERY,2025-04-18,2025-04-18,21147
1,5182,R,1.01.01,DELIVERY,2025-04-04,2025-04-04,62442
1,5183,R,1.01.01,LOJA,2025-04-21,2025-04-22,24179
1,5184,R,1.01.02,LOJA,2025-05-14,2025-05-14,29325
1,5185,R,1.01.02,LOJA,2025-05-17,2025-05-17,34023
1,5186,R,1.01.02,LOJA,2025-05-11,2025-05-11,57791
1,5187,R,1.01.02,DELIVERY,2025-05-16,2025-05-17,41616
1,5188,R,1.01.02,LOJA,2025-05-20,2025-05-20,63248
1,5189,R,1.01.02,LOJA,2025-05-22,2025-05-22,34580
1,5190,R,1.01.02,LOJA,2025-05-27,2025-05-27,21411
1,5191,R,1.01.02,LOJA,2025-05-21,2025-05-21,18123
1,5192,R,1.01.02,LOJA,2025-05-26,2025-05-26,22459
1,5193,R,1.01.02,LOJA,2025-05-08,2025-05-09,54445
1,5194,R,1.01.02,LOJA,2025-05-06,2025-05-06,33147
1,5195,R,1.01.02,LOJA,2025-05-10,2025-05-10,30774
1,5196,R,1.01.03,LOJA,2025-05-22,2025-05-23,31151
1,5197,R,1.01.03,LOJA,2025-04-30,2025-04-30,63492
1,5198,R,1.01.03,DELIVERY,2025-04-30,2025-04-30,41169
1,5199,P,2.01.01,LOJA,2025-04-29,2025-04-29,87824
1,5200,P,2.01.01,LOJA,2025-04-29,2025-04-29,75811
1,5201,P,2.01.01,LOJA,2025-05-16,2025-05-17,113461
1,5202,P,2.02.01,ADM,2025-04-15,2025-04-16,165000
1,5203,P,2.02.02,ADM,2025-04-26,2025-04-26,23508
1,5204,P,2.02.02,ADM,2025-04-23,2025-04-23,24542
1,5205,P,2.02.02,ADM,2025-05-02,2025-05-02,18305
1,5206,P,2.02.02,ADM,2025-04-26,2025-04-26,23664
1,5207,P,2.02.03,ADM,2025-04-02,2025-04-02,2152
1,5208,P,2.02.03,ADM,2025-04-26,2025-04-27,3895
1,5209,P,2.02.03,ADM,2025-04-26,2025-04-26,3047
1,5210,P,2.02.03,ADM,2025-04-26,2025-04-27,4471
1,5211,P,2.03.01,SOCIOS,2025-04-08,2025-04-08,41766
1,5212,P,2.03.01,SOCIOS,2025-04-12,2025-04-12,28501
1,5213,P,2.03.01,SOCIOS,2025-04-23,2025-04-23,27643
1,5214,P,2.03.02,SOCIOS,2025-04-14,2025-04-14,12354
1,5215,P,2.03.02,SOCIOS,2025-04-05,2025-04-06,13891
1,5216,P,2.03.02,SOCIOS,2025-04-05,2025-04-06,19554
1,5217,P,2.03.02,SOCIOS,2025-04-09,2025-04-09,17739
1,5218,P,2.03.02,SOCIOS,2025-04-05,2025-04-05,18578
1,5219,P,2.03.03,SOCIOS,2025-04-01,2025-04-01,8452
1,5220,P,2.03.03,SOCIOS,2025-04-27,2025-04-27,7541
1,5221,P,2.03.03,SOCIOS,2025-04-09,2025-04-10,13378
1,5222,P,2.03.04,SOCIOS,2025-04-04,2025-04-05,11117
1,5223,P,2.03.04,SOCIOS,2025-04-15,2025-04-16,4663
1,5224,R,1.01.01,LOJA,2025-05-19,2025-05-20,47256
1,5225,R,1.01.01,LOJA,2025-05-26,2025-05-26,28087
1,5226,R,1.01.01,DELIVERY,2025-05-03,2025-05-03,60085
1,5227,R,1.01.01,DELIVERY,2025-05-18,2025-05-18,40235
1,5228,R,1.01.01,LOJA,2025-05-27,2025-05-27,69923
1,5229,R,1.01.01,LOJA,2025-05-03,2025-05-03,47956
1,5230,R,1.01.01,DELIVERY,2025-05-03,2025-05-04,37355
1,5231,R,1.01.01,LOJA,2025-05-22,2025-05-22,39216
1,5232,R,1.01.01,LOJA,2025-05-26,2025-05-27,62690
1,5233,R,1.01.01,LOJA,2025-05-28,2025-05-29,38294
1,5234,R,1.01.01,LOJA,2025-05-10,2025-05-10,48373
1,5235,R,1.01.01,DELIVERY,2025-05-28,2025-05-29,71415
1,5236,R,1.01.02,LOJA,2025-06-19,2025-06-20,26167
1,5237,R,1.01.02,LOJA,2025-06-17,2025-06-17,58377
1,5238,R,1.01.02,DELIVERY,2025-06-17,2025-06-17,53901
1,5239,R,1.01.02,LOJA,2025-06-12,2025-06-12,57391
1,5240,R,1.01.02,LOJA,2025-06-08,2025-06-09,48302
1,5241,R,1.01.02,DELIVERY,2025-06-14,2025-06-14,62536
1,5242,R,1.01.02,LOJA,2025-06-19,2025-06-20,23055
1,5243,R,1.01.02,DELIVERY,2025-06-05,2025-06-05,27662
1,5244,R,1.01.02,DELIVERY,2025-06-14,2025-06-14,49915
1,5245,R,1.01.02,LOJA,2025-06-01,2025-06-01,26434
1,5246,R,1.01.02,LOJA,2025-06-24,2025-06-24,21884
1,5247,R,1.01.02,LOJA,2025-06-04,2025-06-04,52853
1,5248,R,1.01.03,LOJA,2025-06-10,2025-06-10,52970
1,5249,R,1.01.03,LOJA,2025-06-17,2025-06-17,64674
1,5250,R,1.01.03,LOJA,2025-05-29,2025-05-29,41003
1,5251,P,2.01.01,LOJA,2025-05-25,2025-05-25,89967
1,5252,P,2.01.01,LOJA,2025-06-16,2025-06-16,68644
1,5253,P,2.01.01,LOJA,2025-05-27,2025-05-28,65443
1,5254,P,2.02.01,ADM,2025-05-15,2025-05-16,165000
1,5255,P,2.02.02,ADM,2025-05-18,2025-05-19,14994
1,5256,P,2.02.02,ADM,2025-05-27,2025-05-28,11410
1,5257,P,2.02.02,ADM,2025-05-17,2025-05-18,25775
1,5258,P,2.02.02,ADM,2025-06-02,2025-06-02,21016
1,5259,P,2.02.03,ADM,2025-05-19,2025-05-20,4335
1,5260,P,2.02.03,ADM,2025-05-22,2025-05-22,2094
1,5261,P,2.02.03,ADM,2025-05-05,2025-05-06,2234
1,5262,P,2.02.03,ADM,2025-05-14,2025-05-14,3591
1,5263,P,2.03.01,SOCIOS,2025-05-03,2025-05-03,42872
1,5264,P,2.03.01,SOCIOS,2025-05-09,2025-05-09,28891
1,5265,P,2.03.01,SOCIOS,2025-05-15,2025-05-15,44207
1,5266,P,2.03.02,SOCIOS,2025-05-08,2025-05-09,23561
1,5267,P,2.03.02,SOCIOS,2025-05-18,2025-05-19,18411
1,5268,P,2.03.02,SOCIOS,2025-05-09,2025-05-10,12528
1,5269,P,2.03.02,SOCIOS,2025-05-27,2025-05-27,15021
1,5270,P,2.03.02,SOCIOS,2025-05-04,2025-05-04,24010
1,5271,P,2.03.03,SOCIOS,2025-05-10,2025-05-10,14221
1,5272,P,2.03.03,SOCIOS,2025-05-08,2025-05-08,15100
1,5273,P,2.03.03,SOCIOS,2025-05-27,2025-05-28,7991
1,5274,P,2.03.04,SOCIOS,2025-05-18,2025-05-18,10490
1,5275,P,2.03.04,SOCIOS,2025-05-02,2025-05-03,7227
1,5276,R,1.01.01,LOJA,2025-06-05,2025-06-06,33331
1,5277,R,1.01.01,LOJA,2025-06-13,2025-06-14,49325
1,5278,R,1.01.01,LOJA,2025-06-01,2025-06-01,25578
1,5279,R,1.01.01,LOJA,2025-06-05,2025-06-05,44782
1,5280,R,1.01.01,DELIVERY,2025-06-06,2025-06-06,34818
1,5281,R,1.01.01,LOJA,2025-06-19,2025-06-19,65782
1,5282,R,1.01.01,LOJA,2025-06-02,2025-06-02,54858
1,5283,R,1.01.01,LOJA,2025-06-16,2025-06-16,48538
1,5284,R,1.01.01,LOJA,2025-06-20,2025-06-21,64812
1,5285,R,1.01.01,LOJA,2025-06-25,2025-06-25,31975
1,5286,R,1.01.01,DELIVERY,2025-06-28,2025-06-28,53228
1,5287,R,1.01.01,LOJA,2025-06-04,2025-06-05,64406
1,5288,R,1.01.02,LOJA,2025-07-17,2025-07-17,39809
1,5289,R,1.01.02,LOJA,2025-07-02,2025-07-03,32728
1,5290,R,1.01.02,LOJA,2025-07-24,2025-07-24,36911
1,5291,R,1.01.02,DELIVERY,2025-07-10,2025-07-10,63228
1,5292,R,1.01.02,LOJA,2025-07-28,2025-07-29,40575
1,5293,R,1.01.02,LOJA,2025-07-02,2025-07-02,42070
1,5294,R,1.01.02,LOJA,2025-07-08,2025-07-09,45672
1,5295,R,1.01.02,LOJA,2025-07-08,2025-07-09,63080
1,5296,R,1.01.02,LOJA,2025-07-22,2025-07-23,36509
1,5297,R,1.01.02,LOJA,2025-07-26,2025-07-27,25868
1,5298,R,1.01.02,DELIVERY,2025-07-19,2025-07-19,23713
1,5299,R,1.01.02,LOJA,2025-07-26,2025-07-27,24091
1,5300,R,1.01.03,DELIVERY,2025-07-13,2025-07-13,26030
1,5301,R,1.01.03,LOJA,2025-07-04,2025-07-04,29257
1,5302,R,1.01.03,DELIVERY,2025-07-10,,61998
1,5303,P,2.01.01,DELIVERY,2025-07-02,2025-07-02,67346
1,5304,P,2.01.01,LOJA,2025-07-16,2025-07-16,119561
1,5305,P,2.01.01,LOJA,2025-06-28,2025-06-29,66371
1,5306,P,2.02.01,ADM,2025-06-15,2025-06-15,165000
1,5307,P,2.02.02,ADM,2025-06-21,2025-06-21,23245
1,5308,P,2.02.02,ADM,2025-06-26,2025-06-27,9273
1,5309,P,2.02.02,ADM,2025-07-03,2025-07-03,25922
1,5310,P,2.02.02,ADM,2025-06-28,2025-06-28,19751
1,5311,P,2.02.03,ADM,2025-06-02,2025-06-02,3450
1,5312,P,2.02.03,ADM,2025-06-24,2025-06-24,3953
1,5313,P,2.02.03,ADM,2025-06-28,2025-06-28,2761
1,5314,P,2.02.03,ADM,2025-06-11,2025-06-11,3588
1,5315,P,2.03.01,SOCIOS,2025-06-14,2025-06-14,17370
1,5316,P,2.03.01,SOCIOS,2025-06-28,2025-06-29,24215
1,5317,P,2.03.01,SOCIOS,2025-06-23,2025-06-23,20894
1,5318,P,2.03.02,SOCIOS,2025-06-24,2025-06-25,13532
1,5319,P,2.03.02,SOCIOS,2025-06-10,2025-06-10,21857
1,5320,P,2.03.02,SOCIOS,2025-06-26,2025-06-26,19930
1,5321,P,2.03.02,SOCIOS,2025-06-19,2025-06-19,17739
1,5322,P,2.03.02,SOCIOS,2025-06-06,2025-06-06,20006
1,5323,P,2.03.03,SOCIOS,2025-06-05,2025-06-05,13679
1,5324,P,2.03.03,SOCIOS,2025-06-15,2025-06-15,17796
1,5325,P,2.03.03,SOCIOS,2025-06-17,2025-06-17,6886
1,5326,P,2.03.04,SOCIOS,2025-06-01,2025-06-01,8798
1,5327,P,2.03.04,SOCIOS,2025-06-18,2025-06-19,6007
1,5328,R,1.01.01,DELIVERY,2025-07-03,2025-07-03,26220
1,5329,R,1.01.01,DELIVERY,2025-07-09,2025-07-09,56223
1,5330,R,1.01.01,LOJA,2025-07-05,2025-07-05,69576
1,5331,R,1.01.01,LOJA,2025-07-25,2025-07-25,48360
1,5332,R,1.01.01,LOJA,2025-07-16,2025-07-16,20727
1,5333,R,1.01.01,LOJA,2025-07-21,2025-07-21,65466
1,5334,R,1.01.01,LOJA,2025-07-26,2025-07-26,19238
1,5335,R,1.01.01,LOJA,2025-07-28,2025-07-29,50985
1,5336,R,1.01.01,DELIVERY,2025-07-18,2025-07-18,26715
1,5337,R,1.01.01,LOJA,2025-07-14,2025-07-14,29950
1,5338,R,1.01.01,DELIVERY,2025-07-09,2025-07-10,58981
1,5339,R,1.01.01,LOJA,2025-07-16,2025-07-17,46215
1,5340,R,1.01.02,LOJA,2025-08-08,2025-08-09,19416
1,5341,R,1.01.02,LOJA,2025-08-01,2025-08-01,47715
1,5342,R,1.01.02,LOJA,2025-08-19,2025-08-19,18492
1,5343,R,1.01.02,LOJA,2025-08-16,2025-08-16,40817
1,5344,R,1.01.02,LOJA,2025-07-31,2025-07-31,21376
1,5345,R,1.01.02,DELIVERY,2025-08-17,2025-08-18,48075
1,5346,R,1.01.02,DELIVERY,2025-08-04,2025-08-04,20398
1,5347,R,1.01.02,LOJA,2025-08-10,2025-08-11,60724
1,5348,R,1.01.02,DELIVERY,2025-08-08,2025-08-08,57861
1,5349,R,1.01.02,DELIVERY,2025-08-26,2025-08-26,44445
1,5350,R,1.01.02,LOJA,2025-08-05,2025-08-06,43724
1,5351,R,1.01.02,LOJA,2025-08-25,2025-08-25,41494
1,5352,R,1.01.03,DELIVERY,2025-08-09,2025-08-10,63129
1,5353,R,1.01.03,DELIVERY,2025-08-13,2025-08-14,66118
1,5354,R,1.01.03,LOJA,2025-08-12,,53809
1,5355,P,2.01.01,LOJA,2025-08-07,2025-08-07,55071
1,5356,P,2.01.01,LOJA,2025-08-06,2025-08-06,77420
1,5357,P,2.01.01,LOJA,2025-08-12,2025-08-13,122583
1,5358,P,2.02.01,ADM,2025-07-15,2025-07-15,165000
1,5359,P,2.02.02,ADM,2025-07-19,2025-07-19,11020
1,5360,P,2.02.02,ADM,2025-07-24,2025-07-24,16846
1,5361,P,2.02.02,ADM,2025-07-22,2025-07-23,14250
1,5362,P,2.02.02,ADM,2025-07-17,2025-07-17,9674
1,5363,P,2.02.03,ADM,2025-07-19,2025-07-19,3449
1,5364,P,2.02.03,ADM,2025-07-24,2025-07-25,2530
1,5365,P,2.02.03,ADM,2025-07-28,2025-07-28,4153
1,5366,P,2.02.03,ADM,2025-07-15,2025-07-15,4080
1,5367,P,2.03.01,SOCIOS,2025-07-13,2025-07-13,26362
1,5368,P,2.03.01,SOCIOS,2025-07-07,2025-07-07,27554
1,5369,P,2.03.01,SOCIOS,2025-07-06,2025-07-06,38798
1,5370,P,2.03.02,SOCIOS,2025-07-16,2025-07-16,13055
1,5371,P,2.03.02,SOCIOS,2025-07-20,2025-07-20,17016
1,5372,P,2.03.02,SOCIOS,2025-07-16,2025-07-17,16707
1,5373,P,2.03.02,SOCIOS,2025-07-22,2025-07-22,12724
1,5374,P,2.03.02,SOCIOS,2025-07-07,2025-07-07,18105
1,5375,P,2.03.03,SOCIOS,2025-07-03,2025-07-03,6566
1,5376,P,2.03.03,SOCIOS,2025-07-12,2025-07-13,17385
1,5377,P,2.03.03,SOCIOS,2025-07-01,2025-07-02,12227
1,5378,P,2.03.04,SOCIOS,2025-07-09,2025-07-10,8097
1,5379,P,2.03.04,SOCIOS,2025-07-21,2025-07-21,9722
1,5380,R,1.01.01,LOJA,2025-08-04,2025-08-04,37036
1,5381,R,1.01.01,LOJA,2025-08-25,2025-08-25,36964
1,5382,R,1.01.01,LOJA,2025-08-04,2025-08-04,18866
1,5383,R,1.01.01,LOJA,2025-08-15,2025-08-15,22213
1,5384,R,1.01.01,DELIVERY,2025-08-25,2025-08-26,64641
1,5385,R,1.01.01,DELIVERY,2025-08-13,2025-08-13,50200
1,5386,R,1.01.01,DELIVERY,2025-08-05,2025-08-05,45186
1,5387,R,1.01.01,LOJA,2025-08-10,2025-08-10,39681
1,5388,R,1.01.01,DELIVERY,2025-08-05,2025-08-06,45349
1,5389,R,1.01.01,DELIVERY,2025-08-24,2025-08-24,41868
1,5390,R,1.01.01,LOJA,2025-08-07,2025-08-08,62290
1,5391,R,1.01.01,LOJA,2025-08-13,2025-08-14,25068
1,5392,R,1.01.02,LOJA,2025-09-07,2025-09-07,23252
1,5393,R,1.01.02,LOJA,2025-09-06,2025-09-06,25261
1,5394,R,1.01.02,DELIVERY,2025-09-15,2025-09-16,47961
1,5395,R,1.01.02,LOJA,2025-09-21,2025-09-21,21346
1,5396,R,1.01.02,DELIVERY,2025-09-11,2025-09-11,53329
1,5397,R,1.01.02,DELIVERY,2025-09-20,2025-09-20,31622
1,5398,R,1.01.02,LOJA,2025-09-15,2025-09-15,20983
1,5399,R,1.01.02,DELIVERY,2025-09-09,2025-09-09,44291
1,5400,R,1.01.02,LOJA,2025-09-12,2025-09-12,28547
1,5401,R,1.01.02,LOJA,2025-09-22,2025-09-22,30568
1,5402,R,1.01.02,LOJA,2025-09-13,2025-09-13,60668
1,5403,R,1.01.02,LOJA,2025-09-22,2025-09-22,63268
1,5404,R,1.01.03,DELIVERY,2025-08-29,2025-08-29,74802
1,5405,R,1.01.03,LOJA,2025-09-10,2025-09-10,41173
1,5406,R,1.01.03,DELIVERY,2025-09-13,2025-09-13,65024
1,5407,P,2.01.01,DELIVERY,2025-09-01,2025-09-02,115785
1,5408,P,2.01.01,LOJA,2025-09-17,2025-09-17,97889
1,5409,P,2.01.01,DELIVERY,2025-09-03,2025-09-03,93665
1,5410,P,2.02.01,ADM,2025-08-15,2025-08-16,165000
1,5411,P,2.02.02,ADM,2025-08-17,2025-08-18,22115
1,5412,P,2.02.02,ADM,2025-08-12,2025-08-12,19554
1,5413,P,2.02.02,ADM,2025-08-30,2025-08-30,16065
1,5414,P,2.02.02,ADM,2025-08-13,2025-08-13,23103
1,5415,P,2.02.03,ADM,2025-08-13,2025-08-13,4399
1,5416,P,2.02.03,ADM,2025-08-02,2025-08-03,3911
1,5417,P,2.02.03,ADM,2025-08-17,2025-08-17,2319
1,5418,P,2.02.03,ADM,2025-08-12,2025-08-12,2919
1,5419,P,2.03.01,SOCIOS,2025-08-05,2025-08-05,33162
1,5420,P,2.03.01,SOCIOS,2025-08-08,2025-08-08,22745
1,5421,P,2.03.01,SOCIOS,2025-08-08,2025-08-09,30618
1,5422,P,2.03.02,SOCIOS,2025-08-13,2025-08-14,10052
1,5423,P,2.03.02,SOCIOS,2025-08-16,2025-08-17,22735
1,5424,P,2.03.02,SOCIOS,2025-08-03,2025-08-04,19366
1,5425,P,2.03.02,SOCIOS,2025-08-27,2025-08-27,20367
1,5426,P,2.03.02,SOCIOS,2025-08-09,2025-08-09,15200
1,5427,P,2.03.03,SOCIOS,2025-08-11,2025-08-11,15667
1,5428,P,2.03.03,SOCIOS,2025-08-23,2025-08-23,10755
1,5429,P,2.03.03,SOCIOS,2025-08-07,2025-08-07,15893
1,5430,P,2.03.04,SOCIOS,2025-08-11,2025-08-11,8973
1,5431,P,2.03.04,SOCIOS,2025-08-26,2025-08-26,8511
1,5432,R,1.01.01,LOJA,2025-09-14,2025-09-15,33428
1,5433,R,1.01.01,LOJA,2025-09-16,2025-09-16,30800
1,5434,R,1.01.01,LOJA,2025-09-23,2025-09-24,27600
1,5435,R,1.01.01,LOJA,2025-09-03,2025-09-03,71415
1,5436,R,1.01.01,LOJA,2025-09-10,2025-09-10,24090
1,5437,R,1.01.01,LOJA,2025-09-22,2025-09-22,43958
1,5438,R,1.01.01,LOJA,2025-09-14,2025-09-14,64971
1,5439,R,1.01.01,LOJA,2025-09-13,2025-09-14,45402
1,5440,R,1.01.01,LOJA,2025-09-23,2025-09-23,52278
1,5441,R,1.01.01,LOJA,2025-09-11,2025-09-11,27913
1,5442,R,1.01.01,LOJA,2025-09-27,2025-09-27,24986
1,5443,R,1.01.01,LOJA,2025-09-05,2025-09-05,51642
1,5444,R,1.01.02,LOJA,2025-10-05,2025-10-06,28846
1,5445,R,1.01.02,LOJA,2025-10-08,2025-10-08,53208
1,5446,R,1.01.02,DELIVERY,2025-10-23,2025-10-23,68814
1,5447,R,1.01.02,LOJA,2025-10-09,2025-10-10,40642
1,5448,R,1.01.02,DELIVERY,2025-10-13,2025-10-13,68402
1,5449,R,1.01.02,DELIVERY,2025-10-23,2025-10-23,71857
1,5450,R,1.01.02,LOJA,2025-10-12,2025-10-12,57487
1,5451,R,1.01.02,DELIVERY,2025-10-01,2025-10-01,62970
1,5452,R,1.01.02,DELIVERY,2025-10-03,2025-10-04,34697
1,5453,R,1.01.02,LOJA,2025-10-13,2025-10-13,56981
1,5454,R,1.01.02,DELIVERY,2025-10-19,2025-10-20,39025
1,5455,R,1.01.02,LOJA,2025-10-10,2025-10-10,61209
1,5456,R,1.01.03,LOJA,2025-10-25,2025-10-25,32784
1,5457,R,1.01.03,LOJA,2025-10-03,2025-10-03,44477
1,5458,R,1.01.03,DELIVERY,2025-10-07,2025-10-07,60766
1,5459,P,2.01.01,LOJA,2025-09-28,2025-09-28,74633
1,5460,P,2.01.01,LOJA,2025-09-26,2025-09-26,50215
1,5461,P,2.01.01,DELIVERY,2025-09-22,2025-09-22,59782
1,5462,P,2.02.01,ADM,2025-09-15,2025-09-15,165000
1,5463,P,2.02.02,ADM,2025-10-08,2025-10-08,15946
1,5464,P,2.02.02,ADM,2025-09-24,2025-09-25,14974
1,5465,P,2.02.02,ADM,2025-09-23,2025-09-23,18475
1,5466,P,2.02.02,ADM,2025-09-28,2025-09-29,19484
1,5467,P,2.02.03,ADM,2025-09-09,2025-09-09,2331
1,5468,P,2.02.03,ADM,2025-09-28,2025-09-28,2249
1,5469,P,2.02.03,ADM,2025-09-19,2025-09-20,4001
1,5470,P,2.02.03,ADM,2025-09-02,2025-09-02,2028
1,5471,P,2.03.01,SOCIOS,2025-09-06,2025-09-07,31170
1,5472,P,2.03.01,SOCIOS,2025-09-03,2025-09-03,23131
1,5473,P,2.03.01,SOCIOS,2025-09-25,2025-09-25,31671
1,5474,P,2.03.02,SOCIOS,2025-09-17,2025-09-17,16988
1,5475,P,2.03.02,SOCIOS,2025-09-03,2025-09-03,24389
1,5476,P,2.03.02,SOCIOS,2025-09-25,2025-09-25,17909
1,5477,P,2.03.02,SOCIOS,2025-09-26,2025-09-26,23868
1,5478,P,2.03.02,SOCIOS,2025-09-13,2025-09-14,14619
1,5479,P,2.03.03,SOCIOS,2025-09-27,2025-09-27,13991
1,5480,P,2.03.03,SOCIOS,2025-09-16,2025-09-17,10827
1,5481,P,2.03.03,SOCIOS,2025-09-14,2025-09-15,9006
1,5482,P,2.03.04,SOCIOS,2025-09-01,2025-09-01,4076
1,5483,P,2.03.04,SOCIOS,2025-09-08,2025-09-09,6589
1,5484,R,1.01.01,LOJA,2025-10-12,2025-10-12,48188
1,5485,R,1.01.01,LOJA,2025-10-12,2025-10-12,55118
1,5486,R,1.01.01,LOJA,2025-10-09,2025-10-10,22960
1,5487,R,1.01.01,LOJA,2025-10-04,2025-10-04,34323
1,5488,R,1.01.01,LOJA,2025-10-07,2025-10-07,21826
1,5489,R,1.01.01,DELIVERY,2025-10-22,2025-10-22,30957
1,5490,R,1.01.01,LOJA,2025-10-05,2025-10-05,40532
1,5491,R,1.01.01,LOJA,2025-10-01,2025-10-01,42078
1,5492,R,1.01.01,DELIVERY,2025-10-11,2025-10-11,73699
1,5493,R,1.01.01,DELIVERY,2025-10-06,2025-10-07,37553
1,5494,R,1.01.01,LOJA,2025-10-11,2025-10-11,43822
1,5495,R,1.01.01,LOJA,2025-10-25,2025-10-25,59660
1,5496,R,1.01.02,LOJA,2025-11-02,2025-11-02,58005
1,5497,R,1.01.02,DELIVERY,2025-11-24,2025-11-24,39636
1,5498,R,1.01.02,DELIVERY,2025-11-20,2025-11-21,57161
1,5499,R,1.01.02,LOJA,2025-11-19,2025-11-19,54507
1,5500,R,1.01.02,LOJA,2025-11-20,2025-11-21,43471
1,5501,R,1.01.02,LOJA,2025-11-03,2025-11-04,67205
1,5502,R,1.01.02,LOJA,2025-11-13,2025-11-13,57330
1,5503,R,1.01.02,LOJA,2025-11-16,2025-11-17,32337
1,5504,R,1.01.02,LOJA,2025-11-01,2025-11-01,48708
1,5505,R,1.01.02,DELIVERY,2025-11-14,2025-11-15,44781
1,5506,R,1.01.02,LOJA,2025-11-01,2025-11-01,72608
1,5507,R,1.01.02,LOJA,2025-11-10,2025-11-11,76124
1,5508,R,1.01.03,LOJA,2025-11-04,2025-11-05,70989
1,5509,R,1.01.03,DELIVERY,2025-11-02,2025-11-02,71914
1,5510,R,1.01.03,LOJA,2025-11-18,2025-11-18,74042
1,5511,P,2.01.01,DELIVERY,2025-11-07,2025-11-07,69511
1,5512,P,2.01.01,DELIVERY,2025-11-18,2025-11-18,51129
1,5513,P,2.01.01,LOJA,2025-11-16,2025-11-16,77863
1,5514,P,2.02.01,ADM,2025-10-15,2025-10-15,165000
1,5515,P,2.02.02,ADM,2025-10-17,2025-10-18,17314
1,5516,P,2.02.02,ADM,2025-10-18,2025-10-19,10250
1,5517,P,2.02.02,ADM,2025-10-25,2025-10-25,22381
1,5518,P,2.02.02,ADM,2025-10-18,2025-10-18,10227
1,5519,P,2.02.03,ADM,2025-10-28,2025-10-29,1668
1,5520,P,2.02.03,ADM,2025-10-03,2025-10-03,3890
1,5521,P,2.02.03,ADM,2025-10-26,2025-10-26,2598
1,5522,P,2.02.03,ADM,2025-10-11,2025-10-11,1610
1,5523,P,2.03.01,SOCIOS,2025-10-28,2025-10-28,21588
1,5524,P,2.03.01,SOCIOS,2025-10-04,2025-10-05,27481
1,5525,P,2.03.01,SOCIOS,2025-10-13,2025-10-14,15935
1,5526,P,2.03.02,SOCIOS,2025-10-20,2025-10-20,16985
1,5527,P,2.03.02,SOCIOS,2025-10-03,2025-10-04,11324
1,5528,P,2.03.02,SOCIOS,2025-10-07,2025-10-07,17984
1,5529,P,2.03.02,SOCIOS,2025-10-24,2025-10-25,24553
1,5530,P,2.03.02,SOCIOS,2025-10-22,2025-10-22,24916
1,5531,P,2.03.03,SOCIOS,2025-10-01,2025-10-02,15799
1,5532,P,2.03.03,SOCIOS,2025-10-11,2025-10-11,16136
1,5533,P,2.03.03,SOCIOS,2025-10-22,2025-10-23,13237
1,5534,P,2.03.04,SOCIOS,2025-10-07,2025-10-07,5445
1,5535,P,2.03.04,SOCIOS,2025-10-06,2025-10-06,9550
1,5536,R,1.01.01,DELIVERY,2025-11-02,2025-11-02,28147
1,5537,R,1.01.01,LOJA,2025-11-12,2025-11-12,57419
1,5538,R,1.01.01,DELIVERY,2025-11-01,2025-11-02,80841
1,5539,R,1.01.01,LOJA,2025-11-23,2025-11-23,42221
1,5540,R,1.01.01,DELIVERY,2025-11-07,2025-11-08,29192
1,5541,R,1.01.01,DELIVERY,2025-11-12,2025-11-12,70209
1,5542,R,1.01.01,LOJA,2025-11-05,2025-11-05,51117
1,5543,R,1.01.01,LOJA,2025-11-23,2025-11-23,45723
1,5544,R,1.01.01,LOJA,2025-11-10,2025-11-10,27787
1,5545,R,1.01.01,DELIVERY,2025-11-03,2025-11-03,61476
1,5546,R,1.01.01,LOJA,2025-11-16,2025-11-17,43883
1,5547,R,1.01.01,LOJA,2025-11-08,2025-11-08,47582
1,5548,R,1.01.02,LOJA,2025-12-11,2025-12-11,37410
1,5549,R,1.01.02,DELIVERY,2025-12-09,2025-12-10,38120
1,5550,R,1.01.02,LOJA,2025-12-20,2025-12-20,35184
1,5551,R,1.01.02,LOJA,2025-12-19,2025-12-19,74787
1,5552,R,1.01.02,DELIVERY,2025-12-09,2025-12-10,41079
1,5553,R,1.01.02,DELIVERY,2025-12-22,2025-12-22,26341
1,5554,R,1.01.02,LOJA,2025-12-12,2025-12-12,21272
1,5555,R,1.01.02,LOJA,2025-12-22,2025-12-22,62731
1,5556,R,1.01.02,DELIVERY,2025-12-05,2025-12-05,48847
1,5557,R,1.01.02,LOJA,2025-12-17,2025-12-18,39525
1,5558,R,1.01.02,LOJA,2025-12-02,2025-12-02,79354
1,5559,R,1.01.02,LOJA,2025-12-13,2025-12-13,46667
1,5560,R,1.01.03,LOJA,2025-12-21,2025-12-21,37130
1,5561,R,1.01.03,LOJA,2025-12-11,2025-12-11,78533
1,5562,R,1.01.03,DELIVERY,2025-12-14,2025-12-14,52948
1,5563,P,2.01.01,LOJA,2025-12-17,2025-12-17,58349
1,5564,P,2.01.01,LOJA,2025-12-14,2025-12-15,107602
1,5565,P,2.01.01,LOJA,2025-12-13,2025-12-14,124788
1,5566,P,2.02.01,ADM,2025-11-15,2025-11-15,165000
1,5567,P,2.02.02,ADM,2025-11-24,2025-11-24,16967
1,5568,P,2.02.02,ADM,2025-11-22,2025-11-22,23615
1,5569,P,2.02.02,ADM,2025-11-14,2025-11-15,14969
1,5570,P,2.02.02,ADM,2025-11-28,2025-11-28,18072
1,5571,P,2.02.03,ADM,2025-11-25,2025-11-25,3868
1,5572,P,2.02.03,ADM,2025-11-17,2025-11-17,3192
1,5573,P,2.02.03,ADM,2025-11-19,2025-11-20,2214
1,5574,P,2.02.03,ADM,2025-11-03,2025-11-03,3029
1,5575,P,2.03.01,SOCIOS,2025-11-10,2025-11-10,25583
1,5576,P,2.03.01,SOCIOS,2025-11-08,2025-11-08,32723
1,5577,P,2.03.01,SOCIOS,2025-11-02,2025-11-03,44694
1,5578,P,2.03.02,SOCIOS,2025-11-15,2025-11-15,12553
1,5579,P,2.03.02,SOCIOS,2025-11-15,2025-11-15,12065
1,5580,P,2.03.02,SOCIOS,2025-11-26,2025-11-26,22752
1,5581,P,2.03.02,SOCIOS,2025-11-05,2025-11-06,24555
1,5582,P,2.03.02,SOCIOS,2025-11-06,2025-11-07,16097
1,5583,P,2.03.03,SOCIOS,2025-11-28,2025-11-28,14554
1,5584,P,2.03.03,SOCIOS,2025-11-14,2025-11-14,15867
1,5585,P,2.03.03,SOCIOS,2025-11-05,2025-11-05,15566
1,5586,P,2.03.04,SOCIOS,2025-11-24,2025-11-24,9898
1,5587,P,2.03.04,SOCIOS,2025-11-06,2025-11-07,6353
1,5588,R,1.01.01,LOJA,2025-12-01,2025-12-01,53747
1,5589,R,1.01.01,LOJA,2025-12-18,2025-12-18,71081
1,5590,R,1.01.01,LOJA,2025-12-10,2025-12-10,29971
1,5591,R,1.01.01,LOJA,2025-12-22,2025-12-22,91157
1,5592,R,1.01.01,LOJA,2025-12-07,2025-12-08,71880
1,5593,R,1.01.01,LOJA,2025-12-19,2025-12-19,95724
1,5594,R,1.01.01,DELIVERY,2025-12-10,2025-12-11,43735
1,5595,R,1.01.01,LOJA,2025-12-12,2025-12-12,30415
1,5596,R,1.01.01,DELIVERY,2025-12-21,2025-12-21,55607
1,5597,R,1.01.01,DELIVERY,2025-12-10,2025-12-10,85102
1,5598,R,1.01.01,LOJA,2025-12-13,2025-12-13,64128
1,5599,R,1.01.01,DELIVERY,2025-12-22,2025-12-22,31488
1,5600,R,1.01.02,LOJA,2026-01-11,2026-01-11,59503
1,5601,R,1.01.02,LOJA,2026-01-16,2026-01-16,59750
1,5602,R,1.01.02,LOJA,2026-01-18,2026-01-18,94613
1,5603,R,1.01.02,LOJA,2026-01-11,2026-01-11,94213
1,5604,R,1.01.02,DELIVERY,2026-01-22,2026-01-22,51122
1,5605,R,1.01.02,DELIVERY,2026-01-24,2026-01-24,67177
1,5606,R,1.01.02,DELIVERY,2026-01-03,2026-01-03,61845
1,5607,R,1.01.02,DELIVERY,2026-01-02,2026-01-03,39795
1,5608,R,1.01.02,LOJA,2026-01-25,2026-01-26,92970
1,5609,R,1.01.02,LOJA,2026-01-12,2026-01-13,30803
1,5610,R,1.01.02,LOJA,2026-01-02,2026-01-02,53145
1,5611,R,1.01.02,LOJA,2026-01-10,2026-01-10,26635
1,5612,R,1.01.03,LOJA,2026-01-23,,57183
1,5613,R,1.01.03,LOJA,2025-12-30,2025-12-30,65171
1,5614,R,1.01.03,LOJA,2026-01-18,2026-01-19,88648
1,5615,P,2.01.01,LOJA,2026-01-09,2026-01-10,120383
1,5616,P,2.01.01,DELIVERY,2026-01-01,2026-01-01,134884
1,5617,P,2.01.01,LOJA,2025-12-24,2025-12-24,108771
1,5618,P,2.02.01,ADM,2025-12-15,2025-12-15,165000
1,5619,P,2.02.02,ADM,2026-01-01,2026-01-01,16427
1,5620,P,2.02.02,ADM,2025-12-25,2025-12-26,14439
1,5621,P,2.02.02,ADM,2026-01-03,2026-01-03,10215
1,5622,P,2.02.02,ADM,2026-01-06,2026-01-07,15051
1,5623,P,2.02.03,ADM,2025-12-23,2025-12-23,1840
1,5624,P,2.02.03,ADM,2025-12-13,2025-12-14,2430
1,5625,P,2.02.03,ADM,2025-12-18,2025-12-18,1842
1,5626,P,2.02.03,ADM,2025-12-04,2025-12-05,2744
1,5627,P,2.03.01,SOCIOS,2025-12-05,2025-12-05,40178
1,5628,P,2.03.01,SOCIOS,2025-12-05,2025-12-05,41211
1,5629,P,2.03.01,SOCIOS,2025-12-14,2025-12-14,15941
1,5630,P,2.03.02,SOCIOS,2025-12-13,2025-12-14,13004
1,5631,P,2.03.02,SOCIOS,2025-12-16,2025-12-17,17404
1,5632,P,2.03.02,SOCIOS,2025-12-26,2025-12-26,15820
1,5633,P,2.03.02,SOCIOS,2025-12-04,2025-12-04,18243
1,5634,P,2.03.02,SOCIOS,2025-12-25,2025-12-25,18787
1,5635,P,2.03.03,SOCIOS,2025-12-01,2025-12-01,10155
1,5636,P,2.03.03,SOCIOS,2025-12-21,2025-12-22,10197
1,5637,P,2.03.03,SOCIOS,2025-12-26,2025-12-26,12240
1,5638,P,2.03.04,SOCIOS,2025-12-15,2025-12-15,8594
1,5639,P,2.03.04,SOCIOS,2025-12-12,2025-12-12,10167
1,5640,R,1.01.01,LOJA,2026-01-16,2026-01-16,52896
1,5641,R,1.01.01,DELIVERY,2026-01-23,2026-01-24,41965
1,5642,R,1.01.01,DELIVERY,2026-01-24,2026-01-24,37952
1,5643,R,1.01.01,LOJA,2026-01-03,2026-01-03,57937
1,5644,R,1.01.01,DELIVERY,2026-01-23,2026-01-24,27881
1,5645,R,1.01.01,LOJA,2026-01-06,2026-01-07,66763
1,5646,R,1.01.01,LOJA,2026-01-16,2026-01-16,22995
1,5647,R,1.01.01,LOJA,2026-01-04,2026-01-05,51651
1,5648,R,1.01.01,LOJA,2026-01-02,2026-01-02,67664
1,5649,R,1.01.01,DELIVERY,2026-01-18,2026-01-18,42001
1,5650,R,1.01.01,DELIVERY,2026-01-25,2026-01-25,35196
1,5651,R,1.01.01,LOJA,2026-01-26,2026-01-26,24966
1,5652,R,1.01.02,DELIVERY,2026-02-23,2026-02-23,48101
1,5653,R,1.01.02,LOJA,2026-02-06,2026-02-06,46705
1,5654,R,1.01.02,LOJA,2026-02-11,2026-02-12,22556
1,5655,R,1.01.02,LOJA,2026-02-19,2026-02-20,60738
1,5656,R,1.01.02,DELIVERY,2026-02-03,2026-02-03,29709
1,5657,R,1.01.02,DELIVERY,2026-02-08,2026-02-08,51056
1,5658,R,1.01.02,DELIVERY,2026-02-04,2026-02-04,30394
1,5659,R,1.01.02,DELIVERY,2026-02-09,2026-02-10,57475
1,5660,R,1.01.02,LOJA,2026-02-12,2026-02-13,25165
1,5661,R,1.01.02,DELIVERY,2026-02-19,2026-02-20,21556
1,5662,R,1.01.02,LOJA,2026-02-24,2026-02-25,50658
1,5663,R,1.01.02,LOJA,2026-02-08,2026-02-08,32629
1,5664,R,1.01.03,LOJA,2026-02-09,2026-02-10,58743
1,5665,R,1.01.03,LOJA,2026-02-09,2026-02-09,43128
1,5666,R,1.01.03,LOJA,2026-02-16,2026-02-16,62558
1,5667,P,2.01.01,LOJA,2026-02-09,2026-02-10,114448
1,5668,P,2.01.01,LOJA,2026-01-31,2026-01-31,111482
1,5669,P,2.01.01,LOJA,2026-01-25,2026-01-25,57440
1,5670,P,2.02.01,ADM,2026-01-15,2026-01-15,180000
1,5671,P,2.02.02,ADM,2026-01-12,2026-01-13,25136
1,5672,P,2.02.02,ADM,2026-01-13,2026-01-13,11392
1,5673,P,2.02.02,ADM,2026-01-29,2026-01-30,11431
1,5674,P,2.02.02,ADM,2026-02-07,2026-02-08,25569
1,5675,P,2.02.03,ADM,2026-01-18,2026-01-19,1732
1,5676,P,2.02.03,ADM,2026-01-22,2026-01-23,2054
1,5677,P,2.02.03,ADM,2026-01-23,2026-01-23,2563
1,5678,P,2.02.03,ADM,2026-01-07,2026-01-07,4139
1,5679,P,2.03.01,SOCIOS,2026-01-14,2026-01-14,19185
1,5680,P,2.03.01,SOCIOS,2026-01-03,2026-01-03,35805
1,5681,P,2.03.01,SOCIOS,2026-01-18,2026-01-19,43198
1,5682,P,2.03.02,SOCIOS,2026-01-03,2026-01-03,12023
1,5683,P,2.03.02,SOCIOS,2026-01-09,2026-01-10,15034
1,5684,P,2.03.02,SOCIOS,2026-01-09,2026-01-10,24083
1,5685,P,2.03.02,SOCIOS,2026-01-28,2026-01-28,23880
1,5686,P,2.03.02,SOCIOS,2026-01-26,2026-01-26,10303
1,5687,P,2.03.03,SOCIOS,2026-01-26,2026-01-27,13088
1,5688,P,2.03.03,SOCIOS,2026-01-19,2026-01-20,13353
1,5689,P,2.03.03,SOCIOS,2026-01-11,2026-01-11,17199
1,5690,P,2.03.04,SOCIOS,2026-01-25,2026-01-25,8154
1,5691,P,2.03.04,SOCIOS,2026-01-04,2026-01-04,4894
1,5692,R,1.01.01,LOJA,2026-02-01,2026-02-01,38573
1,5693,R,1.01.01,LOJA,2026-02-23,2026-02-24,48403
1,5694,R,1.01.01,LOJA,2026-02-22,2026-02-22,58883
1,5695,R,1.01.01,LOJA,2026-02-26,2026-02-26,28355
1,5696,R,1.01.01,LOJA,2026-02-14,2026-02-14,35290
1,5697,R,1.01.01,DELIVERY,2026-02-01,2026-02-01,63564
1,5698,R,1.01.01,LOJA,2026-02-19,2026-02-20,36276
1,5699,R,1.01.01,DELIVERY,2026-02-22,2026-02-23,35358
1,5700,R,1.01.01,DELIVERY,2026-02-14,2026-02-14,26266
1,5701,R,1.01.01,DELIVERY,2026-02-15,2026-02-15,41916
1,5702,R,1.01.01,LOJA,2026-02-22,2026-02-22,50965
1,5703,R,1.01.01,DELIVERY,2026-02-19,2026-02-19,30354
1,5704,R,1.01.02,LOJA,2026-03-10,2026-03-11,20594
1,5705,R,1.01.02,LOJA,2026-03-26,2026-03-26,27746
1,5706,R,1.01.02,LOJA,2026-03-20,2026-03-21,21978
1,5707,R,1.01.02,LOJA,2026-03-10,2026-03-10,39987
1,5708,R,1.01.02,DELIVERY,2026-03-07,2026-03-07,36330
1,5709,R,1.01.02,LOJA,2026-03-05,2026-03-05,68307
1,5710,R,1.01.02,LOJA,2026-03-16,2026-03-16,57944
1,5711,R,1.01.02,LOJA,2026-03-28,2026-03-28,27878
1,5712,R,1.01.02,DELIVERY,2026-03-26,2026-03-26,20718
1,5713,R,1.01.02,LOJA,2026-03-04,2026-03-04,36829
1,5714,R,1.01.02,DELIVERY,2026-03-08,2026-03-08,24603
1,5715,R,1.01.02,LOJA,2026-03-18,2026-03-18,66761
1,5716,R,1.01.03,DELIVERY,2026-03-05,2026-03-06,33115
1,5717,R,1.01.03,LOJA,2026-03-08,2026-03-09,32802
1,5718,R,1.01.03,LOJA,2026-03-22,2026-03-22,49214
1,5719,P,2.01.01,LOJA,2026-02-26,2026-02-26,115669
1,5720,P,2.01.01,DELIVERY,2026-03-17,2026-03-17,69899
1,5721,P,2.01.01,DELIVERY,2026-03-04,2026-03-04,57152
1,5722,P,2.02.01,ADM,2026-02-15,2026-02-16,180000
1,5723,P,2.02.02,ADM,2026-02-28,2026-02-28,22874
1,5724,P,2.02.02,ADM,2026-03-07,2026-03-07,22659
1,5725,P,2.02.02,ADM,2026-02-13,2026-02-13,10385
1,5726,P,2.02.02,ADM,2026-02-11,2026-02-11,10304
1,5727,P,2.02.03,ADM,2026-02-25,2026-02-26,4302
1,5728,P,2.02.03,ADM,2026-02-17,2026-02-17,2058
1,5729,P,2.02.03,ADM,2026-02-21,2026-02-21,3205
1,5730,P,2.02.03,ADM,2026-02-16,2026-02-17,3878
1,5731,P,2.03.01,SOCIOS,2026-02-15,2026-02-15,25509
1,5732,P,2.03.01,SOCIOS,2026-02-15,2026-02-15,16170
1,5733,P,2.03.01,SOCIOS,2026-02-16,2026-02-16,44337
1,5734,P,2.03.02,SOCIOS,2026-02-15,2026-02-15,21441
1,5735,P,2.03.02,SOCIOS,2026-02-18,2026-02-18,10778
1,5736,P,2.03.02,SOCIOS,2026-02-02,2026-02-03,12596
1,5737,P,2.03.02,SOCIOS,2026-02-27,2026-02-27,13174
1,5738,P,2.03.02,SOCIOS,2026-02-01,2026-02-01,13296
1,5739,P,2.03.03,SOCIOS,2026-02-20,2026-02-20,13834
1,5740,P,2.03.03,SOCIOS,2026-02-01,2026-02-01,8191
1,5741,P,2.03.03,SOCIOS,2026-02-06,2026-02-06,9652
1,5742,P,2.03.04,SOCIOS,2026-02-11,2026-02-12,6085
1,5743,P,2.03.04,SOCIOS,2026-02-18,2026-02-18,6955
1,5744,R,1.01.01,DELIVERY,2026-03-09,2026-03-09,55520
1,5745,R,1.01.01,LOJA,2026-03-05,2026-03-06,70599
1,5746,R,1.01.01,DELIVERY,2026-03-14,2026-03-14,50660
1,5747,R,1.01.01,LOJA,2026-03-16,2026-03-17,32867
1,5748,R,1.01.01,LOJA,2026-03-22,2026-03-23,28765
1,5749,R,1.01.01,LOJA,2026-03-10,2026-03-11,63716
1,5750,R,1.01.01,LOJA,2026-03-18,2026-03-18,53184
1,5751,R,1.01.01,LOJA,2026-03-11,2026-03-11,35808
1,5752,R,1.01.01,DELIVERY,2026-03-01,2026-03-02,39465
1,5753,R,1.01.01,LOJA,2026-03-24,2026-03-25,72842
1,5754,R,1.01.01,LOJA,2026-03-22,2026-03-22,19429
1,5755,R,1.01.01,LOJA,2026-03-16,2026-03-17,52637
1,5756,R,1.01.02,LOJA,2026-04-01,2026-04-01,24550
1,5757,R,1.01.02,DELIVERY,2026-04-01,2026-04-01,56529
1,5758,R,1.01.02,LOJA,2026-04-14,2026-04-14,22250
1,5759,R,1.01.02,LOJA,2026-04-07,2026-04-07,53161
1,5760,R,1.01.02,LOJA,2026-04-08,2026-04-09,30638
1,5761,R,1.01.02,LOJA,2026-04-13,2026-04-13,39813
1,5762,R,1.01.02,DELIVERY,2026-04-15,2026-04-15,69176
1,5763,R,1.01.02,LOJA,2026-04-26,2026-04-27,57946
1,5764,R,1.01.02,LOJA,2026-04-06,2026-04-07,56837
1,5765,R,1.01.02,LOJA,2026-04-25,2026-04-26,36663
1,5766,R,1.01.02,LOJA,2026-04-21,2026-04-22,33649
1,5767,R,1.01.02,DELIVERY,2026-04-25,2026-04-25,36600
1,5768,R,1.01.03,LOJA,2026-04-13,,46591
1,5769,R,1.01.03,LOJA,2026-04-14,2026-04-14,67159
1,5770,R,1.01.03,LOJA,2026-04-10,2026-04-11,83085
1,5771,P,2.01.01,LOJA,2026-03-27,2026-03-27,57849
1,5772,P,2.01.01,LOJA,2026-03-31,2026-04-01,70451
1,5773,P,2.01.01,LOJA,2026-04-15,2026-04-16,71080
1,5774,P,2.02.01,ADM,2026-03-15,2026-03-15,180000
1,5775,P,2.02.02,ADM,2026-04-03,2026-04-03,21354
1,5776,P,2.02.02,ADM,2026-03-24,2026-03-24,23751
1,5777,P,2.02.02,ADM,2026-04-05,2026-04-05,21781
1,5778,P,2.02.02,ADM,2026-03-29,2026-03-29,13496
1,5779,P,2.02.03,ADM,2026-03-21,2026-03-21,4273
1,5780,P,2.02.03,ADM,2026-03-13,2026-03-13,3633
1,5781,P,2.02.03,ADM,2026-03-01,2026-03-01,4151
1,5782,P,2.02.03,ADM,2026-03-26,2026-03-26,4438
1,5783,P,2.03.01,SOCIOS,2026-03-21,2026-03-21,33549
1,5784,P,2.03.01,SOCIOS,2026-03-23,2026-03-23,19599
1,5785,P,2.03.01,SOCIOS,2026-03-11,2026-03-12,29003
1,5786,P,2.03.02,SOCIOS,2026-03-06,2026-03-06,10404
1,5787,P,2.03.02,SOCIOS,2026-03-22,2026-03-22,21575
1,5788,P,2.03.02,SOCIOS,2026-03-11,2026-03-11,14927
1,5789,P,2.03.02,SOCIOS,2026-03-01,2026-03-02,14358
1,5790,P,2.03.02,SOCIOS,2026-03-20,2026-03-20,14544
1,5791,P,2.03.03,SOCIOS,2026-03-25,2026-03-25,6680
1,5792,P,2.03.03,SOCIOS,2026-03-09,2026-03-09,8610
1,5793,P,2.03.03,SOCIOS,2026-03-03,2026-03-04,6425
1,5794,P,2.03.04,SOCIOS,2026-03-18,2026-03-19,4402
1,5795,P,2.03.04,SOCIOS,2026-03-17,2026-03-17,5998
1,5796,R,1.01.01,LOJA,2026-04-19,2026-04-19,40924
1,5797,R,1.01.01,DELIVERY,2026-04-03,2026-04-03,39492
1,5798,R,1.01.01,LOJA,2026-04-28,2026-04-29,75225
1,5799,R,1.01.01,LOJA,2026-04-07,2026-04-07,43419
1,5800,R,1.01.01,LOJA,2026-04-03,2026-04-03,26710
1,5801,R,1.01.01,LOJA,2026-04-14,2026-04-15,64284
1,5802,R,1.01.01,LOJA,2026-04-17,2026-04-17,72505
1,5803,R,1.01.01,DELIVERY,2026-04-14,2026-04-15,78066
1,5804,R,1.01.01,LOJA,2026-04-06,2026-04-06,64498
1,5805,R,1.01.01,LOJA,2026-04-06,2026-04-06,51898
1,5806,R,1.01.01,DELIVERY,2026-04-19,2026-04-19,62194
1,5807,R,1.01.01,DELIVERY,2026-04-26,2026-04-27,57555
1,5808,R,1.01.02,LOJA,2026-05-02,2026-05-02,44927
1,5809,R,1.01.02,LOJA,2026-05-07,2026-05-07,75564
1,5810,R,1.01.02,LOJA,2026-05-01,2026-05-02,35362
1,5811,R,1.01.02,LOJA,2026-05-28,2026-05-28,27056
1,5812,R,1.01.02,LOJA,2026-05-26,2026-05-26,63218
1,5813,R,1.01.02,LOJA,2026-05-08,2026-05-09,59526
1,5814,R,1.01.02,DELIVERY,2026-05-03,2026-05-03,61238
1,5815,R,1.01.02,LOJA,2026-05-19,2026-05-19,47344
1,5816,R,1.01.02,LOJA,2026-05-24,2026-05-24,42494
1,5817,R,1.01.02,LOJA,2026-05-07,2026-05-08,75507
1,5818,R,1.01.02,DELIVERY,2026-05-19,2026-05-20,70816
1,5819,R,1.01.02,LOJA,2026-05-10,2026-05-11,20845
1,5820,R,1.01.03,LOJA,2026-05-12,2026-05-12,72696
1,5821,R,1.01.03,LOJA,2026-05-21,2026-05-21,45044
1,5822,R,1.01.03,LOJA,2026-05-13,2026-05-13,54864
1,5823,P,2.01.01,LOJA,2026-05-01,2026-05-01,103628
1,5824,P,2.01.01,LOJA,2026-05-07,2026-05-08,103935
1,5825,P,2.01.01,LOJA,2026-05-04,2026-05-05,108541
1,5826,P,2.02.01,ADM,2026-04-15,2026-04-15,180000
1,5827,P,2.02.02,ADM,2026-05-02,2026-05-02,10274
1,5828,P,2.02.02,ADM,2026-04-20,2026-04-21,12889
1,5829,P,2.02.02,ADM,2026-04-30,2026-05-01,20148
1,5830,P,2.02.02,ADM,2026-04-25,2026-04-26,16397
1,5831,P,2.02.03,ADM,2026-04-10,2026-04-10,2178
1,5832,P,2.02.03,ADM,2026-04-18,2026-04-19,3260
1,5833,P,2.02.03,ADM,2026-04-11,2026-04-11,3190
1,5834,P,2.02.03,ADM,2026-04-01,2026-04-01,4020
1,5835,P,2.03.01,SOCIOS,2026-04-25,2026-04-25,27799
1,5836,P,2.03.01,SOCIOS,2026-04-20,2026-04-20,26393
1,5837,P,2.03.01,SOCIOS,2026-04-10,2026-04-10,44810
1,5838,P,2.03.02,SOCIOS,2026-04-24,2026-04-24,23691
1,5839,P,2.03.02,SOCIOS,2026-04-16,2026-04-16,18745
1,5840,P,2.03.02,SOCIOS,2026-04-27,2026-04-27,19783
1,5841,P,2.03.02,SOCIOS,2026-04-19,2026-04-20,24666
1,5842,P,2.03.02,SOCIOS,2026-04-25,2026-04-25,15095
1,5843,P,2.03.03,SOCIOS,2026-04-19,2026-04-19,11738
1,5844,P,2.03.03,SOCIOS,2026-04-23,2026-04-23,14173
1,5845,P,2.03.03,SOCIOS,2026-04-18,2026-04-18,7885
1,5846,P,2.03.04,SOCIOS,2026-04-05,2026-04-06,10022
1,5847,P,2.03.04,SOCIOS,2026-04-11,2026-04-12,10478
1,5848,R,1.01.01,LOJA,2026-05-01,2026-05-02,37864
1,5849,R,1.01.01,LOJA,2026-05-16,2026-05-17,41141
1,5850,R,1.01.01,LOJA,2026-05-16,2026-05-16,62089
1,5851,R,1.01.01,LOJA,2026-05-14,2026-05-14,62882
1,5852,R,1.01.01,LOJA,2026-05-15,2026-05-16,49601
1,5853,R,1.01.01,LOJA,2026-05-19,2026-05-19,22171
1,5854,R,1.01.01,LOJA,2026-05-25,2026-05-25,23995
1,5855,R,1.01.01,LOJA,2026-05-23,2026-05-23,31245
1,5856,R,1.01.01,LOJA,2026-05-13,2026-05-13,64709
1,5857,R,1.01.01,LOJA,2026-05-18,2026-05-19,52767
1,5858,R,1.01.01,LOJA,2026-05-22,2026-05-22,45973
1,5859,R,1.01.01,DELIVERY,2026-05-27,2026-05-27,78927
1,5860,R,1.01.02,LOJA,2026-05-31,2026-05-31,28100
1,5861,R,1.01.02,DELIVERY,2026-05-31,2026-05-31,66806
1,5862,R,1.01.02,LOJA,2026-06-01,2026-06-01,64089
1,5863,R,1.01.02,LOJA,2026-06-09,2026-06-09,74315
1,5864,R,1.01.02,LOJA,2026-06-11,2026-06-11,64333
1,5865,R,1.01.02,LOJA,2026-06-06,2026-06-07,73457
1,5866,R,1.01.02,DELIVERY,2026-06-14,2026-06-15,77922
1,5867,R,1.01.02,LOJA,2026-06-16,2026-06-16,82257
1,5868,R,1.01.02,LOJA,2026-06-19,2026-06-19,59374
1,5869,R,1.01.02,DELIVERY,2026-06-10,2026-06-10,69857
1,5870,R,1.01.02,LOJA,2026-06-05,2026-06-06,77792
1,5871,R,1.01.02,LOJA,2026-06-15,2026-06-16,42894
1,5872,R,1.01.03,DELIVERY,2026-06-22,2026-06-22,86142
1,5873,R,1.01.03,LOJA,2026-06-13,2026-06-13,75917
1,5874,R,1.01.03,DELIVERY,2026-06-22,2026-06-23,83552
1,5875,P,2.01.01,LOJA,2026-06-01,2026-06-01,56052
1,5876,P,2.01.01,DELIVERY,2026-06-06,2026-06-06,107996
1,5877,P,2.01.01,LOJA,2026-05-25,2026-05-26,90943
1,5878,P,2.02.01,ADM,2026-05-15,2026-05-16,180000
1,5879,P,2.02.02,ADM,2026-05-19,2026-05-19,9744
1,5880,P,2.02.02,ADM,2026-06-02,2026-06-02,20537
1,5881,P,2.02.02,ADM,2026-05-25,2026-05-25,22252
1,5882,P,2.02.02,ADM,2026-05-28,2026-05-28,9349
1,5883,P,2.02.03,ADM,2026-05-12,2026-05-12,1510
1,5884,P,2.02.03,ADM,2026-05-10,2026-05-10,2283
1,5885,P,2.02.03,ADM,2026-05-12,2026-05-13,2431
1,5886,P,2.02.03,ADM,2026-05-06,2026-05-06,2306
1,5887,P,2.03.01,SOCIOS,2026-05-06,2026-05-06,40381
1,5888,P,2.03.01,SOCIOS,2026-05-22,2026-05-22,30353
1,5889,P,2.03.01,SOCIOS,2026-05-18,2026-05-19,41613
1,5890,P,2.03.02,SOCIOS,2026-05-26,2026-05-27,19891
1,5891,P,2.03.02,SOCIOS,2026-05-23,2026-05-23,17507
1,5892,P,2.03.02,SOCIOS,2026-05-27,2026-05-28,15850
1,5893,P,2.03.02,SOCIOS,2026-05-09,2026-05-10,17029
1,5894,P,2.03.02,SOCIOS,2026-05-19,2026-05-19,17996
1,5895,P,2.03.03,SOCIOS,2026-05-10,2026-05-10,6267
1,5896,P,2.03.03,SOCIOS,2026-05-13,2026-05-13,6382
1,5897,P,2.03.03,SOCIOS,2026-05-20,2026-05-21,11475
1,5898,P,2.03.04,SOCIOS,2026-05-07,2026-05-08,6940
1,5899,P,2.03.04,SOCIOS,2026-05-22,2026-05-22,7703
1,5900,R,1.01.01,LOJA,2026-06-24,2026-06-24,76648
1,5901,R,1.01.01,LOJA,2026-06-18,2026-06-19,33596
1,5902,R,1.01.01,DELIVERY,2026-06-28,2026-06-28,70126
1,5903,R,1.01.01,LOJA,2026-06-18,2026-06-19,78260
1,5904,R,1.01.01,LOJA,2026-06-18,2026-06-18,38590
1,5905,R,1.01.01,DELIVERY,2026-06-03,2026-06-03,51910
1,5906,R,1.01.01,LOJA,2026-06-05,2026-06-06,67914
1,5907,R,1.01.01,LOJA,2026-06-04,2026-06-04,46860
1,5908,R,1.01.01,LOJA,2026-06-18,2026-06-19,55514
1,5909,R,1.01.01,LOJA,2026-06-03,2026-06-03,47839
1,5910,R,1.01.01,LOJA,2026-06-07,2026-06-08,76150
1,5911,R,1.01.01,LOJA,2026-06-11,2026-06-12,79382
1,5912,R,1.01.02,LOJA,2026-07-01,2026-07-02,33201
1,5913,R,1.01.02,LOJA,2026-07-20,2026-07-20,24367
1,5914,R,1.01.02,DELIVERY,2026-07-18,2026-07-19,51389
1,5915,R,1.01.02,DELIVERY,2026-07-07,2026-07-08,68866
1,5916,R,1.01.02,LOJA,2026-07-06,2026-07-06,23433
1,5917,R,1.01.02,LOJA,2026-07-23,2026-07-23,28430
1,5918,R,1.01.02,LOJA,2026-07-24,2026-07-24,29811
1,5919,R,1.01.02,DELIVERY,2026-07-11,2026-07-12,68301
1,5920,R,1.01.02,LOJA,2026-07-21,2026-07-21,26910
1,5921,R,1.01.02,LOJA,2026-07-02,2026-07-02,71954
1,5922,R,1.01.02,LOJA,2026-07-27,2026-07-27,59391
1,5923,R,1.01.02,LOJA,2026-07-06,2026-07-07,44923
1,5924,R,1.01.03,LOJA,2026-07-06,2026-07-06,65453
1,5925,R,1.01.03,DELIVERY,2026-07-01,2026-07-02,45103
1,5926,R,1.01.03,LOJA,2026-07-26,2026-07-26,69922
1,5927,P,2.01.01,LOJA,2026-07-12,2026-07-13,112243
1,5928,P,2.01.01,LOJA,2026-06-22,2026-06-22,55299
1,5929,P,2.01.01,DELIVERY,2026-06-25,2026-06-25,97786
1,5930,P,2.02.01,ADM,2026-06-15,2026-06-15,180000
1,5931,P,2.02.02,ADM,2026-06-30,2026-06-30,15311
1,5932,P,2.02.02,ADM,2026-06-23,2026-06-24,11522
1,5933,P,2.02.02,ADM,2026-07-01,2026-07-01,24550
1,5934,P,2.02.02,ADM,2026-06-17,2026-06-17,17504
1,5935,P,2.02.03,ADM,2026-06-22,2026-06-23,3797
1,5936,P,2.02.03,ADM,2026-06-21,2026-06-21,2217
1,5937,P,2.02.03,ADM,2026-06-16,2026-06-16,3674
1,5938,P,2.02.03,ADM,2026-06-18,2026-06-18,4094
1,5939,P,2.03.01,SOCIOS,2026-06-05,2026-06-05,20685
1,5940,P,2.03.01,SOCIOS,2026-06-08,2026-06-09,40320
1,5941,P,2.03.01,SOCIOS,2026-06-13,2026-06-13,37374
1,5942,P,2.03.02,SOCIOS,2026-06-24,2026-06-24,23128
1,5943,P,2.03.02,SOCIOS,2026-06-27,2026-06-27,11006
1,5944,P,2.03.02,SOCIOS,2026-06-06,2026-06-06,19227
1,5945,P,2.03.02,SOCIOS,2026-06-08,2026-06-08,23154
1,5946,P,2.03.02,SOCIOS,2026-06-05,2026-06-05,11298
1,5947,P,2.03.03,SOCIOS,2026-06-05,2026-06-06,16157
1,5948,P,2.03.03,SOCIOS,2026-06-26,2026-06-26,6449
1,5949,P,2.03.03,SOCIOS,2026-06-08,2026-06-08,9440
1,5950,P,2.03.04,SOCIOS,2026-06-15,2026-06-15,4897
1,5951,P,2.03.04,SOCIOS,2026-06-03,2026-06-03,9123
2,1000,R,1.01.01,LOJA,2026-07-11,2026-07-11,76872
2,1001,R,1.01.01,LOJA,2026-07-21,2026-07-22,22897
2,1002,R,1.01.01,LOJA,2026-07-04,2026-07-04,41941
2,1003,R,1.01.01,DELIVERY,2026-07-17,2026-07-17,32882
2,1004,R,1.01.01,LOJA,2026-07-14,2026-07-14,45090
2,1005,R,1.01.01,LOJA,2026-07-03,2026-07-03,53063
2,1006,R,1.01.01,LOJA,2026-07-27,2026-07-27,53927
2,1007,R,1.01.01,DELIVERY,2026-07-21,2026-07-21,57646
2,1008,R,1.01.01,DELIVERY,2026-07-19,2026-07-19,55132
2,1009,R,1.01.01,LOJA,2026-07-08,2026-07-08,22795
2,1010,R,1.01.01,LOJA,2026-07-10,2026-07-11,45148
2,1011,R,1.01.01,DELIVERY,2026-07-04,2026-07-05,54255
2,1012,R,1.01.02,LOJA,2026-08-26,2026-08-26,60920
2,1013,R,1.01.02,LOJA,2026-08-18,2026-08-18,54272
2,1014,R,1.01.02,LOJA,2026-08-11,2026-08-12,25846
2,1015,R,1.01.02,LOJA,2026-08-02,2026-08-03,53862
2,1016,R,1.01.02,LOJA,2026-08-06,2026-08-07,49785
2,1017,R,1.01.02,LOJA,2026-08-13,2026-08-13,66634
2,1018,R,1.01.02,DELIVERY,2026-08-18,2026-08-18,75406
2,1019,R,1.01.02,LOJA,2026-08-09,2026-08-09,34906
2,1020,R,1.01.02,LOJA,2026-08-22,2026-08-22,66790
2,1021,R,1.01.02,DELIVERY,2026-08-18,2026-08-18,38015
2,1022,R,1.01.02,LOJA,2026-08-10,2026-08-10,63767
2,1023,R,1.01.02,LOJA,2026-08-19,2026-08-19,78810
2,1024,R,1.01.03,LOJA,2026-08-14,,55087
2,1025,R,1.01.03,DELIVERY,2026-08-13,,55302
2,1026,R,1.01.03,LOJA,2026-08-15,2026-08-15,64382
2,1027,P,2.01.01,LOJA,2026-08-02,2026-08-03,103493
2,1028,P,2.01.01,LOJA,2026-08-16,2026-08-16,91058
2,1029,P,2.01.01,LOJA,2026-07-30,2026-07-31,92669
2,1030,P,2.02.01,ADM,2026-07-15,2026-07-16,180000
2,1031,P,2.02.02,ADM,2026-08-02,2026-08-03,14263
2,1032,P,2.02.02,ADM,2026-08-01,2026-08-01,22973
2,1033,P,2.02.02,ADM,2026-08-02,2026-08-03,15558
2,1034,P,2.02.02,ADM,2026-07-22,2026-07-22,9384
2,1035,P,2.02.03,ADM,2026-07-12,2026-07-12,2004
2,1036,P,2.02.03,ADM,2026-07-16,2026-07-16,1677
2,1037,P,2.02.03,ADM,2026-07-05,2026-07-05,3715
2,1038,P,2.02.03,ADM,2026-07-13,2026-07-13,4250
2,1039,P,2.03.01,SOCIOS,2026-07-03,2026-07-03,19991
2,1040,P,2.03.01,SOCIOS,2026-07-18,2026-07-18,23335
2,1041,P,2.03.01,SOCIOS,2026-07-27,2026-07-28,27916
2,1042,P,2.03.02,SOCIOS,2026-07-09,2026-07-09,20596
2,1043,P,2.03.02,SOCIOS,2026-07-22,2026-07-22,23263
2,1044,P,2.03.02,SOCIOS,2026-07-05,2026-07-05,11245
2,1045,P,2.03.02,SOCIOS,2026-07-08,2026-07-08,19878
2,1046,P,2.03.02,SOCIOS,2026-07-16,2026-07-16,22466
2,1047,P,2.03.03,SOCIOS,2026-07-09,2026-07-09,9383
2,1048,P,2.03.03,SOCIOS,2026-07-14,2026-07-15,12415
2,1049,P,2.03.03,SOCIOS,2026-07-19,2026-07-19,9823
2,1050,P,2.03.04,SOCIOS,2026-07-23,2026-07-24,10874
2,1051,P,2.03.04,SOCIOS,2026-07-21,2026-07-21,9410
2,1052,R,1.01.01,DELIVERY,2026-08-15,2026-08-16,73972
2,1053,R,1.01.01,LOJA,2026-08-26,2026-08-26,53556
2,1054,R,1.01.01,LOJA,2026-08-13,2026-08-13,43647
2,1055,R,1.01.01,LOJA,2026-08-21,2026-08-21,44027
2,1056,R,1.01.01,DELIVERY,2026-08-03,2026-08-03,79080
2,1057,R,1.01.01,LOJA,2026-08-06,2026-08-07,26596
2,1058,R,1.01.01,LOJA,2026-08-02,2026-08-03,26143
2,1059,R,1.01.01,LOJA,2026-08-05,2026-08-05,52197
2,1060,R,1.01.01,DELIVERY,2026-08-20,2026-08-20,21530
2,1061,R,1.01.01,LOJA,2026-08-20,2026-08-21,42574
2,1062,R,1.01.01,DELIVERY,2026-08-09,2026-08-10,77328
2,1063,R,1.01.01,LOJA,2026-08-12,2026-08-12,48449
2,1064,R,1.01.02,LOJA,2026-09-27,,49284
2,1065,R,1.01.02,LOJA,2026-09-14,2026-09-14,48824
2,1066,R,1.01.02,LOJA,2026-09-02,2026-09-03,28647
2,1067,R,1.01.02,LOJA,2026-09-10,2026-09-10,64421
2,1068,R,1.01.02,LOJA,2026-09-26,,61523
2,1069,R,1.01.02,DELIVERY,2026-08-31,2026-09-01,32313
2,1070,R,1.01.02,LOJA,2026-09-11,2026-09-12,28796
2,1071,R,1.01.02,LOJA,2026-08-31,2026-08-31,65489
2,1072,R,1.01.02,LOJA,2026-09-20,2026-09-21,71800
2,1073,R,1.01.02,LOJA,2026-09-27,,35667
2,1074,R,1.01.02,DELIVERY,2026-09-11,2026-09-11,74496
2,1075,R,1.01.02,LOJA,2026-09-24,2026-09-25,33368
2,1076,R,1.01.03,DELIVERY,2026-09-22,,60162
2,1077,R,1.01.03,LOJA,2026-09-23,2026-09-23,77304
2,1078,R,1.01.03,LOJA,2026-09-24,,54041
2,1079,P,2.01.01,LOJA,2026-09-06,2026-09-06,82001
2,1080,P,2.01.01,DELIVERY,2026-08-22,2026-08-22,121110
2,1081,P,2.01.01,LOJA,2026-08-30,2026-08-31,67428
2,1082,P,2.02.01,ADM,2026-08-15,2026-08-15,180000
2,1083,P,2.02.02,ADM,2026-09-05,2026-09-05,24929
2,1084,P,2.02.02,ADM,2026-08-22,2026-08-22,10369
2,1085,P,2.02.02,ADM,2026-08-18,2026-08-18,16991
2,1086,P,2.02.02,ADM,2026-08-17,2026-08-18,17205
2,1087,P,2.02.03,ADM,2026-08-27,2026-08-28,1506
2,1088,P,2.02.03,ADM,2026-08-12,2026-08-12,3899
2,1089,P,2.02.03,ADM,2026-08-27,2026-08-27,3482
2,1090,P,2.02.03,ADM,2026-08-26,2026-08-26,3634
2,1091,P,2.03.01,SOCIOS,2026-08-16,2026-08-16,41670
2,1092,P,2.03.01,SOCIOS,2026-08-26,2026-08-26,34075
2,1093,P,2.03.01,SOCIOS,2026-08-26,2026-08-27,43385
2,1094,P,2.03.02,SOCIOS,2026-08-13,2026-08-14,16947
2,1095,P,2.03.02,SOCIOS,2026-08-03,2026-08-03,20872
2,1096,P,2.03.02,SOCIOS,2026-08-05,2026-08-06,10413
2,1097,P,2.03.02,SOCIOS,2026-08-15,2026-08-15,22098
2,1098,P,2.03.02,SOCIOS,2026-08-20,2026-08-20,22398
2,1099,P,2.03.03,SOCIOS,2026-08-22,2026-08-22,17250
2,1100,P,2.03.03,SOCIOS,2026-08-18,2026-08-18,12579
2,1101,P,2.03.03,SOCIOS,2026-08-01,2026-08-02,15592
2,1102,P,2.03.04,SOCIOS,2026-08-21,2026-08-22,4822
2,1103,P,2.03.04,SOCIOS,2026-08-05,2026-08-05,7470
2,1104,R,1.01.01,LOJA,2026-09-07,2026-09-07,21680
2,1105,R,1.01.01,LOJA,2026-09-10,2026-09-11,50070
2,1106,R,1.01.01,LOJA,2026-09-11,2026-09-11,35562
2,1107,R,1.01.01,LOJA,2026-09-05,2026-09-06,23654
2,1108,R,1.01.01,LOJA,2026-09-12,2026-09-13,73862
2,1109,R,1.01.01,DELIVERY,2026-09-19,2026-09-20,68903
2,1110,R,1.01.01,DELIVERY,2026-09-14,2026-09-15,69628
2,1111,R,1.01.01,LOJA,2026-09-05,2026-09-06,51909
2,1112,R,1.01.01,LOJA,2026-09-17,2026-09-17,21122
2,1113,R,1.01.02,LOJA,2026-10-25,,30986
2,1114,R,1.01.02,DELIVERY,2026-10-01,,66562
2,1115,R,1.01.02,LOJA,2026-10-05,,30341
2,1116,R,1.01.02,LOJA,2026-10-16,,57146
2,1117,R,1.01.02,LOJA,2026-10-04,,53389
2,1118,R,1.01.02,DELIVERY,2026-10-11,,60940
2,1119,R,1.01.02,LOJA,2026-10-17,,53327
2,1120,R,1.01.02,LOJA,2026-10-26,,66589
2,1121,R,1.01.02,DELIVERY,2026-10-18,,23409
2,1122,R,1.01.02,LOJA,2026-10-07,,36615
2,1123,R,1.01.02,LOJA,2026-10-25,,25865
2,1124,R,1.01.02,LOJA,2026-10-15,,53704
2,1125,R,1.01.03,LOJA,2026-10-23,,83641
2,1126,R,1.01.03,LOJA,2026-10-01,,56595
2,1127,R,1.01.03,LOJA,2026-10-18,,88402
2,1128,P,2.01.01,LOJA,2026-10-11,,96095
2,1129,P,2.01.01,DELIVERY,2026-10-14,,74947
2,1130,P,2.01.01,DELIVERY,2026-10-08,,97996
2,1131,P,2.02.01,ADM,2026-09-15,2026-09-15,180000
2,1132,P,2.02.02,ADM,2026-10-03,,17895
2,1133,P,2.02.02,ADM,2026-09-19,2026-09-19,24687
2,1134,P,2.02.02,ADM,2026-09-25,2026-09-25,11331
2,1135,P,2.02.03,ADM,2026-09-13,2026-09-13,2826
2,1136,P,2.02.03,ADM,2026-09-22,2026-09-22,2222
2,1137,P,2.02.03,ADM,2026-09-07,2026-09-07,3508
2,1138,P,2.02.03,ADM,2026-09-25,2026-09-26,1963
2,1139,P,2.03.01,SOCIOS,2026-09-21,2026-09-21,34808
2,1140,P,2.03.01,SOCIOS,2026-09-09,2026-09-09,41485
2,1141,P,2.03.01,SOCIOS,2026-09-08,2026-09-08,37400
2,1142,P,2.03.02,SOCIOS,2026-09-13,2026-09-13,23274
2,1143,P,2.03.02,SOCIOS,2026-09-22,2026-09-22,22487
2,1144,P,2.03.02,SOCIOS,2026-09-23,2026-09-24,16473
2,1145,P,2.03.02,SOCIOS,2026-09-13,2026-09-13,15087
2,1146,P,2.03.02,SOCIOS,2026-09-12,2026-09-13,14778
2,1147,P,2.03.03,SOCIOS,2026-09-12,2026-09-13,6234
2,1148,P,2.03.03,SOCIOS,2026-09-15,2026-09-15,11285
2,1149,P,2.03.03,SOCIOS,2026-09-13,2026-09-14,9978
2,1150,P,2.03.04,SOCIOS,2026-09-10,2026-09-10,8098
2,1151,P,2.03.04,SOCIOS,2026-09-04,2026-09-04,11881
2,1152,P,2.02.01,ADM,2026-10-05,,180000
2,1153,P,2.01.01,DELIVERY,2026-10-12,,115000
2,1154,P,2.02.02,ADM,2026-10-10,,24000
2,5000,R,1.01.02,DELIVERY,2025-01-26,2025-01-27,41314
2,5001,R,1.01.02,LOJA,2025-01-17,2025-01-17,35221
2,5002,R,1.01.02,LOJA,2025-01-24,2025-01-24,33970
2,5003,R,1.01.02,LOJA,2025-01-18,2025-01-18,26630
2,5004,R,1.01.02,LOJA,2025-01-06,2025-01-07,79594
2,5005,R,1.01.02,LOJA,2025-01-05,2025-01-05,48841
2,5006,R,1.01.02,LOJA,2025-01-04,2025-01-04,54262
2,5007,R,1.01.02,LOJA,2025-01-09,2025-01-09,37238
2,5008,R,1.01.02,DELIVERY,2025-01-14,2025-01-14,41850
2,5009,R,1.01.02,LOJA,2025-01-08,2025-01-09,26949
2,5010,R,1.01.02,LOJA,2025-01-19,2025-01-19,33533
2,5011,R,1.01.03,LOJA,2025-01-24,2025-01-24,83454
2,5012,R,1.01.03,LOJA,2025-01-05,2025-01-05,85322
2,5013,R,1.01.03,DELIVERY,2025-01-11,2025-01-12,90857
2,5014,P,2.01.01,LOJA,2025-01-08,2025-01-08,76555
2,5015,P,2.01.01,LOJA,2025-01-08,2025-01-08,106408
2,5016,P,2.02.02,ADM,2025-01-06,2025-01-07,22498
2,5017,P,2.02.02,ADM,2025-01-03,2025-01-03,23707
2,5018,R,1.01.01,DELIVERY,2025-01-09,2025-01-09,36604
2,5019,R,1.01.01,LOJA,2025-01-04,2025-01-04,29273
2,5020,R,1.01.01,DELIVERY,2025-01-17,2025-01-17,31166
2,5021,R,1.01.01,LOJA,2025-01-10,2025-01-10,17789
2,5022,R,1.01.01,LOJA,2025-01-15,2025-01-15,28675
2,5023,R,1.01.01,LOJA,2025-01-10,2025-01-10,31394
2,5024,R,1.01.01,DELIVERY,2025-01-17,2025-01-17,42294
2,5025,R,1.01.01,LOJA,2025-01-27,2025-01-28,47665
2,5026,R,1.01.01,DELIVERY,2025-01-26,2025-01-26,25876
2,5027,R,1.01.01,LOJA,2025-01-28,2025-01-29,30777
2,5028,R,1.01.01,LOJA,2025-01-09,2025-01-09,55986
2,5029,R,1.01.01,DELIVERY,2025-01-21,2025-01-21,23508
2,5030,R,1.01.02,LOJA,2025-02-27,2025-02-27,39517
2,5031,R,1.01.02,LOJA,2025-02-20,2025-02-20,36151
2,5032,R,1.01.02,LOJA,2025-02-22,2025-02-22,27853
2,5033,R,1.01.02,LOJA,2025-02-06,2025-02-06,22893
2,5034,R,1.01.02,LOJA,2025-02-22,2025-02-22,55897
2,5035,R,1.01.02,LOJA,2025-02-26,2025-02-26,31232
2,5036,R,1.01.02,LOJA,2025-02-11,2025-02-11,46205
2,5037,R,1.01.02,DELIVERY,2025-02-15,2025-02-16,46909
2,5038,R,1.01.02,DELIVERY,2025-02-07,2025-02-07,53077
2,5039,R,1.01.02,LOJA,2025-02-12,2025-02-12,31176
2,5040,R,1.01.02,LOJA,2025-02-22,2025-02-22,49397
2,5041,R,1.01.02,DELIVERY,2025-02-06,2025-02-06,52172
2,5042,R,1.01.03,LOJA,2025-02-01,2025-02-02,39705
2,5043,R,1.01.03,DELIVERY,2025-02-03,2025-02-03,43656
2,5044,R,1.01.03,DELIVERY,2025-02-06,2025-02-06,28323
2,5045,P,2.01.01,DELIVERY,2025-01-31,2025-02-01,92240
2,5046,P,2.01.01,DELIVERY,2025-01-31,2025-02-01,79028
2,5047,P,2.01.01,DELIVERY,2025-02-09,2025-02-10,38724
2,5048,P,2.02.01,ADM,2025-01-15,2025-01-16,165000
2,5049,P,2.02.02,ADM,2025-01-20,2025-01-20,18091
2,5050,P,2.02.02,ADM,2025-02-02,2025-02-02,9945
2,5051,P,2.02.02,ADM,2025-01-30,2025-01-30,14976
2,5052,P,2.02.02,ADM,2025-01-17,2025-01-17,22048
2,5053,P,2.02.03,ADM,2025-01-02,2025-01-02,2616
2,5054,P,2.02.03,ADM,2025-01-15,2025-01-15,2488
2,5055,P,2.02.03,ADM,2025-01-12,2025-01-12,4436
2,5056,P,2.02.03,ADM,2025-01-20,2025-01-20,3924
2,5057,P,2.03.01,SOCIOS,2025-01-12,2025-01-12,30558
2,5058,P,2.03.01,SOCIOS,2025-01-28,2025-01-29,26469
2,5059,P,2.03.01,SOCIOS,2025-01-18,2025-01-18,43764
2,5060,P,2.03.02,SOCIOS,2025-01-23,2025-01-23,15876
2,5061,P,2.03.02,SOCIOS,2025-01-22,2025-01-22,21145
2,5062,P,2.03.02,SOCIOS,2025-01-21,2025-01-21,12954
2,5063,P,2.03.02,SOCIOS,2025-01-02,2025-01-02,20176
2,5064,P,2.03.02,SOCIOS,2025-01-01,2025-01-01,24941
2,5065,P,2.03.03,SOCIOS,2025-01-25,2025-01-25,7154
2,5066,P,2.03.03,SOCIOS,2025-01-08,2025-01-09,9707
2,5067,P,2.03.03,SOCIOS,2025-01-10,2025-01-10,9634
2,5068,P,2.03.04,SOCIOS,2025-01-18,2025-01-18,4133
2,5069,P,2.03.04,SOCIOS,2025-01-13,2025-01-13,4025
2,5070,R,1.01.01,LOJA,2025-02-04,2025-02-05,53694
2,5071,R,1.01.01,LOJA,2025-02-24,2025-02-24,35190
2,5072,R,1.01.01,DELIVERY,2025-02-03,2025-02-03,38519
2,5073,R,1.01.01,LOJA,2025-02-04,2025-02-05,46986
2,5074,R,1.01.01,LOJA,2025-02-05,2025-02-05,48633
2,5075,R,1.01.01,LOJA,2025-02-22,2025-02-22,16532
2,5076,R,1.01.01,LOJA,2025-02-19,2025-02-19,44923
2,5077,R,1.01.01,LOJA,2025-02-26,2025-02-26,18589
2,5078,R,1.01.01,LOJA,2025-02-16,2025-02-16,37649
2,5079,R,1.01.01,LOJA,2025-02-22,2025-02-22,26495
2,5080,R,1.01.01,LOJA,2025-02-24,2025-02-24,32773
2,5081,R,1.01.01,LOJA,2025-02-08,2025-02-08,53253
2,5082,R,1.01.02,LOJA,2025-03-18,2025-03-18,28775
2,5083,R,1.01.02,LOJA,2025-03-29,2025-03-30,23901
2,5084,R,1.01.02,LOJA,2025-03-17,2025-03-17,34147
2,5085,R,1.01.02,DELIVERY,2025-03-09,2025-03-09,57447
2,5086,R,1.01.02,LOJA,2025-03-04,2025-03-05,54260
2,5087,R,1.01.02,LOJA,2025-03-16,2025-03-16,31953
2,5088,R,1.01.02,DELIVERY,2025-03-19,2025-03-19,56909
2,5089,R,1.01.02,LOJA,2025-03-20,2025-03-20,59117
2,5090,R,1.01.02,LOJA,2025-03-13,2025-03-14,50814
2,5091,R,1.01.02,LOJA,2025-03-28,2025-03-29,30712
2,5092,R,1.01.02,LOJA,2025-03-22,2025-03-22,25398
2,5093,R,1.01.02,LOJA,2025-03-17,2025-03-17,19712
2,5094,R,1.01.03,LOJA,2025-03-15,2025-03-16,44732
2,5095,R,1.01.03,LOJA,2025-03-01,2025-03-01,29888
2,5096,R,1.01.03,LOJA,2025-03-09,2025-03-09,30700
2,5097,P,2.01.01,DELIVERY,2025-03-08,2025-03-08,58787
2,5098,P,2.01.01,LOJA,2025-03-07,2025-03-07,83608
2,5099,P,2.01.01,DELIVERY,2025-03-08,2025-03-08,68262
2,5100,P,2.02.01,ADM,2025-02-15,2025-02-15,165000
2,5101,P,2.02.02,ADM,2025-02-18,2025-02-18,14293
2,5102,P,2.02.02,ADM,2025-02-27,2025-02-27,21296
2,5103,P,2.02.02,ADM,2025-02-21,2025-02-22,16666
2,5104,P,2.02.02,ADM,2025-02-23,2025-02-23,9135
2,5105,P,2.02.03,ADM,2025-02-24,2025-02-25,1985
2,5106,P,2.02.03,ADM,2025-02-07,2025-02-07,2140
2,5107,P,2.02.03,ADM,2025-02-12,2025-02-12,1841
2,5108,P,2.02.03,ADM,2025-02-07,2025-02-07,2563
2,5109,P,2.03.01,SOCIOS,2025-02-08,2025-02-08,21295
2,5110,P,2.03.01,SOCIOS,2025-02-06,2025-02-07,40352
2,5111,P,2.03.01,SOCIOS,2025-02-20,2025-02-20,33559
2,5112,P,2.03.02,SOCIOS,2025-02-28,2025-03-01,10486
2,5113,P,2.03.02,SOCIOS,2025-02-15,2025-02-15,16164
2,5114,P,2.03.02,SOCIOS,2025-02-17,2025-02-18,18118
2,5115,P,2.03.02,SOCIOS,2025-02-27,2025-02-27,24991
2,5116,P,2.03.02,SOCIOS,2025-02-03,2025-02-03,10953
2,5117,P,2.03.03,SOCIOS,2025-02-10,2025-02-10,15186
2,5118,P,2.03.03,SOCIOS,2025-02-21,2025-02-21,6410
2,5119,P,2.03.03,SOCIOS,2025-02-06,2025-02-07,15694
2,5120,P,2.03.04,SOCIOS,2025-02-06,2025-02-06,11312
2,5121,P,2.03.04,SOCIOS,2025-02-11,2025-02-12,7910
2,5122,R,1.01.01,LOJA,2025-03-15,2025-03-15,64765
2,5123,R,1.01.01,DELIVERY,2025-03-21,2025-03-21,66103
2,5124,R,1.01.01,LOJA,2025-03-19,2025-03-19,46623
2,5125,R,1.01.01,LOJA,2025-03-10,2025-03-11,48288
2,5126,R,1.01.01,LOJA,2025-03-17,2025-03-17,54046
2,5127,R,1.01.01,LOJA,2025-03-11,2025-03-12,18535
2,5128,R,1.01.01,LOJA,2025-03-26,2025-03-26,21694
2,5129,R,1.01.01,LOJA,2025-03-17,2025-03-17,27227
2,5130,R,1.01.01,LOJA,2025-03-12,2025-03-13,24504
2,5131,R,1.01.01,LOJA,2025-03-05,2025-03-05,57392
2,5132,R,1.01.01,DELIVERY,2025-03-20,2025-03-20,27986
2,5133,R,1.01.01,LOJA,2025-03-08,2025-03-08,57164
2,5134,R,1.01.02,DELIVERY,2025-04-20,2025-04-21,20359
2,5135,R,1.01.02,DELIVERY,2025-04-08,2025-04-09,46222
2,5136,R,1.01.02,LOJA,2025-04-14,2025-04-14,23702
2,5137,R,1.01.02,LOJA,2025-04-08,2025-04-09,30474
2,5138,R,1.01.02,LOJA,2025-04-08,2025-04-08,61993
2,5139,R,1.01.02,LOJA,2025-03-31,2025-03-31,42762
2,5140,R,1.01.02,LOJA,2025-04-21,2025-04-21,33466
2,5141,R,1.01.02,LOJA,2025-04-01,2025-04-01,40859
2,5142,R,1.01.02,LOJA,2025-04-20,2025-04-20,48555
2,5143,R,1.01.02,DELIVERY,2025-04-22,2025-04-22,31759
2,5144,R,1.01.02,LOJA,2025-03-31,2025-03-31,41501
2,5145,R,1.01.02,LOJA,2025-04-12,2025-04-13,49108
2,5146,R,1.01.03,LOJA,2025-04-24,2025-04-24,55695
2,5147,R,1.01.03,LOJA,2025-04-17,2025-04-17,57207
2,5148,R,1.01.03,LOJA,2025-04-16,,71605
2,5149,P,2.01.01,LOJA,2025-04-16,2025-04-17,69201
2,5150,P,2.01.01,LOJA,2025-03-29,2025-03-29,83138
2,5151,P,2.01.01,LOJA,2025-03-23,2025-03-23,110840
2,5152,P,2.02.01,ADM,2025-03-15,2025-03-16,165000
2,5153,P,2.02.02,ADM,2025-04-04,2025-04-04,19106
2,5154,P,2.02.02,ADM,2025-03-17,2025-03-17,14088
2,5155,P,2.02.02,ADM,2025-03-28,2025-03-29,21484
2,5156,P,2.02.02,ADM,2025-03-11,2025-03-11,15295
2,5157,P,2.02.03,ADM,2025-03-09,2025-03-10,3807
2,5158,P,2.02.03,ADM,2025-03-22,2025-03-23,4432
2,5159,P,2.02.03,ADM,2025-03-09,2025-03-10,4465
2,5160,P,2.02.03,ADM,2025-03-17,2025-03-18,3097
2,5161,P,2.03.01,SOCIOS,2025-03-19,2025-03-19,21525
2,5162,P,2.03.01,SOCIOS,2025-03-10,2025-03-11,16652
2,5163,P,2.03.01,SOCIOS,2025-03-06,2025-03-07,28707
2,5164,P,2.03.02,SOCIOS,2025-03-21,2025-03-21,22897
2,5165,P,2.03.02,SOCIOS,2025-03-06,2025-03-06,11383
2,5166,P,2.03.02,SOCIOS,2025-03-07,2025-03-07,21918
2,5167,P,2.03.02,SOCIOS,2025-03-17,2025-03-17,23612
2,5168,P,2.03.02,SOCIOS,2025-03-01,2025-03-01,11010
2,5169,P,2.03.03,SOCIOS,2025-03-18,2025-03-19,11425
2,5170,P,2.03.03,SOCIOS,2025-03-23,2025-03-23,14195
2,5171,P,2.03.03,SOCIOS,2025-03-21,2025-03-21,15067
2,5172,P,2.03.04,SOCIOS,2025-03-13,2025-03-13,9554
2,5173,P,2.03.04,SOCIOS,2025-03-17,2025-03-17,7270
2,5174,R,1.01.01,DELIVERY,2025-04-20,2025-04-20,63846
2,5175,R,1.01.01,DELIVERY,2025-04-09,2025-04-09,33361
2,5176,R,1.01.01,LOJA,2025-04-26,2025-04-26,45995
2,5177,R,1.01.01,LOJA,2025-04-24,2025-04-24,66771
2,5178,R,1.01.01,LOJA,2025-04-22,2025-04-22,27786
2,5179,R,1.01.01,DELIVERY,2025-04-12,2025-04-13,43931
2,5180,R,1.01.01,DELIVERY,2025-04-17,2025-04-17,32399
2,5181,R,1.01.01,LOJA,2025-04-16,2025-04-17,62526
2,5182,R,1.01.01,LOJA,2025-04-14,2025-04-14,64359
2,5183,R,1.01.01,DELIVERY,2025-04-17,2025-04-17,52512
2,5184,R,1.01.01,DELIVERY,2025-04-09,2025-04-09,65222
2,5185,R,1.01.01,LOJA,2025-04-20,2025-04-21,37229
2,5186,R,1.01.02,LOJA,2025-05-09,2025-05-09,56125
2,5187,R,1.01.02,LOJA,2025-05-25,2025-05-25,35010
2,5188,R,1.01.02,LOJA,2025-05-13,2025-05-13,43610
2,5189,R,1.01.02,DELIVERY,2025-05-06,2025-05-07,27954
2,5190,R,1.01.02,DELIVERY,2025-05-19,2025-05-19,37507
2,5191,R,1.01.02,LOJA,2025-05-18,2025-05-18,57157
2,5192,R,1.01.02,DELIVERY,2025-05-08,2025-05-09,25661
2,5193,R,1.01.02,LOJA,2025-05-04,2025-05-05,23119
2,5194,R,1.01.02,DELIVERY,2025-05-23,2025-05-23,65701
2,5195,R,1.01.02,DELIVERY,2025-05-17,2025-05-17,24188
2,5196,R,1.01.02,LOJA,2025-05-07,2025-05-07,34352
2,5197,R,1.01.02,DELIVERY,2025-05-21,2025-05-22,21574
2,5198,R,1.01.03,DELIVERY,2025-05-01,2025-05-01,46643
2,5199,R,1.01.03,DELIVERY,2025-05-03,,60978
2,5200,R,1.01.03,LOJA,2025-05-12,2025-05-12,59015
2,5201,P,2.01.01,LOJA,2025-05-17,2025-05-17,73651
2,5202,P,2.01.01,DELIVERY,2025-05-11,2025-05-11,116102
2,5203,P,2.01.01,LOJA,2025-04-23,2025-04-23,44175
2,5204,P,2.02.01,ADM,2025-04-15,2025-04-15,165000
2,5205,P,2.02.02,ADM,2025-04-11,2025-04-12,24854
2,5206,P,2.02.02,ADM,2025-04-21,2025-04-22,12830
2,5207,P,2.02.02,ADM,2025-04-13,2025-04-14,11917
2,5208,P,2.02.02,ADM,2025-05-05,2025-05-05,10052
2,5209,P,2.02.03,ADM,2025-04-26,2025-04-26,3319
2,5210,P,2.02.03,ADM,2025-04-11,2025-04-11,1721
2,5211,P,2.02.03,ADM,2025-04-01,2025-04-02,3376
2,5212,P,2.02.03,ADM,2025-04-05,2025-04-05,3230
2,5213,P,2.03.01,SOCIOS,2025-04-21,2025-04-22,21154
2,5214,P,2.03.01,SOCIOS,2025-04-24,2025-04-24,15921
2,5215,P,2.03.01,SOCIOS,2025-04-16,2025-04-16,33030
2,5216,P,2.03.02,SOCIOS,2025-04-06,2025-04-06,22768
2,5217,P,2.03.02,SOCIOS,2025-04-25,2025-04-25,10998
2,5218,P,2.03.02,SOCIOS,2025-04-24,2025-04-24,20284
2,5219,P,2.03.02,SOCIOS,2025-04-27,2025-04-27,14879
2,5220,P,2.03.02,SOCIOS,2025-04-28,2025-04-29,18582
2,5221,P,2.03.03,SOCIOS,2025-04-26,2025-04-27,12719
2,5222,P,2.03.03,SOCIOS,2025-04-07,2025-04-07,12590
2,5223,P,2.03.03,SOCIOS,2025-04-08,2025-04-08,11409
2,5224,P,2.03.04,SOCIOS,2025-04-14,2025-04-14,7652
2,5225,P,2.03.04,SOCIOS,2025-04-13,2025-04-14,4802
2,5226,R,1.01.01,DELIVERY,2025-05-25,2025-05-25,23358
2,5227,R,1.01.01,DELIVERY,2025-05-21,2025-05-21,51091
2,5228,R,1.01.01,DELIVERY,2025-05-22,2025-05-23,21077
2,5229,R,1.01.01,DELIVERY,2025-05-17,2025-05-17,18961
2,5230,R,1.01.01,LOJA,2025-05-06,2025-05-06,64017
2,5231,R,1.01.01,LOJA,2025-05-25,2025-05-25,20991
2,5232,R,1.01.01,DELIVERY,2025-05-09,2025-05-10,19660
2,5233,R,1.01.01,LOJA,2025-05-16,2025-05-16,34198
2,5234,R,1.01.01,LOJA,2025-05-23,2025-05-23,31254
2,5235,R,1.01.01,LOJA,2025-05-19,2025-05-20,49077
2,5236,R,1.01.01,LOJA,2025-05-12,2025-05-12,53167
2,5237,R,1.01.01,LOJA,2025-05-02,2025-05-02,31164
2,5238,R,1.01.02,DELIVERY,2025-06-01,2025-06-01,43806
2,5239,R,1.01.02,LOJA,2025-06-17,2025-06-17,47363
2,5240,R,1.01.02,LOJA,2025-06-20,2025-06-20,34492
2,5241,R,1.01.02,LOJA,2025-06-17,2025-06-17,42772
2,5242,R,1.01.02,LOJA,2025-06-16,2025-06-16,46269
2,5243,R,1.01.02,LOJA,2025-06-11,2025-06-11,36963
2,5244,R,1.01.02,LOJA,2025-06-24,2025-06-24,55843
2,5245,R,1.01.02,DELIVERY,2025-06-12,2025-06-12,50905
2,5246,R,1.01.02,DELIVERY,2025-06-08,2025-06-09,58173
2,5247,R,1.01.02,DELIVERY,2025-06-12,2025-06-12,45228
2,5248,R,1.01.02,LOJA,2025-06-02,2025-06-02,68646
2,5249,R,1.01.02,DELIVERY,2025-06-21,2025-06-22,26119
2,5250,R,1.01.03,DELIVERY,2025-06-17,2025-06-17,63743
2,5251,R,1.01.03,LOJA,2025-06-17,2025-06-17,68218
2,5252,R,1.01.03,LOJA,2025-06-13,2025-06-14,51805
2,5253,P,2.01.01,LOJA,2025-06-03,2025-06-03,119299
2,5254,P,2.01.01,LOJA,2025-05-31,2025-05-31,83436
2,5255,P,2.01.01,LOJA,2025-05-29,2025-05-30,62077
2,5256,P,2.02.01,ADM,2025-05-15,2025-05-15,165000
2,5257,P,2.02.02,ADM,2025-05-13,2025-05-13,16135
2,5258,P,2.02.02,ADM,2025-05-19,2025-05-19,18056
2,5259,P,2.02.02,ADM,2025-06-04,2025-06-04,13655
2,5260,P,2.02.02,ADM,2025-05-24,2025-05-24,12501
2,5261,P,2.02.03,ADM,2025-05-20,2025-05-21,3037
2,5262,P,2.02.03,ADM,2025-05-14,2025-05-14,1955
2,5263,P,2.02.03,ADM,2025-05-07,2025-05-07,1984
2,5264,P,2.02.03,ADM,2025-05-07,2025-05-08,1674
2,5265,P,2.03.01,SOCIOS,2025-05-12,2025-05-12,35105
2,5266,P,2.03.01,SOCIOS,2025-05-21,2025-05-22,41826
2,5267,P,2.03.01,SOCIOS,2025-05-28,2025-05-28,24845
2,5268,P,2.03.02,SOCIOS,2025-05-22,2025-05-23,10544
2,5269,P,2.03.02,SOCIOS,2025-05-13,2025-05-13,16740
2,5270,P,2.03.02,SOCIOS,2025-05-28,2025-05-29,12217
2,5271,P,2.03.02,SOCIOS,2025-05-11,2025-05-11,17438
2,5272,P,2.03.02,SOCIOS,2025-05-07,2025-05-08,10228
2,5273,P,2.03.03,SOCIOS,2025-05-27,2025-05-27,17329
2,5274,P,2.03.03,SOCIOS,2025-05-25,2025-05-25,6257
2,5275,P,2.03.03,SOCIOS,2025-05-10,2025-05-10,8722
2,5276,P,2.03.04,SOCIOS,2025-05-28,2025-05-28,10256
2,5277,P,2.03.04,SOCIOS,2025-05-26,2025-05-26,10402
2,5278,R,1.01.01,LOJA,2025-06-19,2025-06-19,51817
2,5279,R,1.01.01,DELIVERY,2025-06-25,2025-06-26,53781
2,5280,R,1.01.01,LOJA,2025-06-14,2025-06-14,40048
2,5281,R,1.01.01,LOJA,2025-06-04,2025-06-04,33764
2,5282,R,1.01.01,LOJA,2025-06-05,2025-06-05,41376
2,5283,R,1.01.01,LOJA,2025-06-10,2025-06-10,47876
2,5284,R,1.01.01,LOJA,2025-06-22,2025-06-22,20839
2,5285,R,1.01.01,LOJA,2025-06-03,2025-06-03,22073
2,5286,R,1.01.01,DELIVERY,2025-06-15,2025-06-15,22024
2,5287,R,1.01.01,LOJA,2025-06-10,2025-06-11,67902
2,5288,R,1.01.01,LOJA,2025-06-09,2025-06-09,30835
2,5289,R,1.01.01,DELIVERY,2025-06-10,2025-06-10,39756
2,5290,R,1.01.02,DELIVERY,2025-07-04,2025-07-05,66683
2,5291,R,1.01.02,DELIVERY,2025-07-17,2025-07-17,43549
2,5292,R,1.01.02,LOJA,2025-07-15,2025-07-15,45260
2,5293,R,1.01.02,DELIVERY,2025-07-22,2025-07-22,25610
2,5294,R,1.01.02,LOJA,2025-07-18,2025-07-19,30842
2,5295,R,1.01.02,LOJA,2025-07-12,2025-07-13,48017
2,5296,R,1.01.02,LOJA,2025-07-16,2025-07-16,39832
2,5297,R,1.01.02,LOJA,2025-07-06,2025-07-07,32111
2,5298,R,1.01.02,LOJA,2025-07-14,2025-07-15,42731
2,5299,R,1.01.02,LOJA,2025-07-28,2025-07-28,59429
2,5300,R,1.01.02,DELIVERY,2025-07-08,2025-07-08,37934
2,5301,R,1.01.02,LOJA,2025-07-03,2025-07-03,62379
2,5302,R,1.01.03,LOJA,2025-07-05,2025-07-06,39612
2,5303,R,1.01.03,DELIVERY,2025-07-02,2025-07-03,77418
2,5304,R,1.01.03,LOJA,2025-07-11,2025-07-11,74443
2,5305,P,2.01.01,LOJA,2025-07-08,2025-07-09,99035
2,5306,P,2.01.01,LOJA,2025-07-04,2025-07-04,107193
2,5307,P,2.01.01,DELIVERY,2025-07-12,2025-07-12,77712
2,5308,P,2.02.01,ADM,2025-06-15,2025-06-16,165000
2,5309,P,2.02.02,ADM,2025-07-08,2025-07-08,24889
2,5310,P,2.02.02,ADM,2025-06-11,2025-06-11,16042
2,5311,P,2.02.02,ADM,2025-06-29,2025-06-29,21270
2,5312,P,2.02.02,ADM,2025-06-26,2025-06-27,18577
2,5313,P,2.02.03,ADM,2025-06-16,2025-06-16,3678
2,5314,P,2.02.03,ADM,2025-06-10,2025-06-10,2233
2,5315,P,2.02.03,ADM,2025-06-01,2025-06-02,2802
2,5316,P,2.02.03,ADM,2025-06-27,2025-06-27,3079
2,5317,P,2.03.01,SOCIOS,2025-06-23,2025-06-24,27639
2,5318,P,2.03.01,SOCIOS,2025-06-20,2025-06-20,37570
2,5319,P,2.03.01,SOCIOS,2025-06-02,2025-06-03,16688
2,5320,P,2.03.02,SOCIOS,2025-06-15,2025-06-15,10237
2,5321,P,2.03.02,SOCIOS,2025-06-08,2025-06-08,11687
2,5322,P,2.03.02,SOCIOS,2025-06-27,2025-06-27,10436
2,5323,P,2.03.02,SOCIOS,2025-06-18,2025-06-18,24357
2,5324,P,2.03.02,SOCIOS,2025-06-01,2025-06-01,22181
2,5325,P,2.03.03,SOCIOS,2025-06-26,2025-06-26,9040
2,5326,P,2.03.03,SOCIOS,2025-06-26,2025-06-26,7967
2,5327,P,2.03.03,SOCIOS,2025-06-24,2025-06-25,6473
2,5328,P,2.03.04,SOCIOS,2025-06-19,2025-06-19,5652
2,5329,P,2.03.04,SOCIOS,2025-06-04,2025-06-04,5344
2,5330,R,1.01.01,LOJA,2025-07-06,2025-07-06,27680
2,5331,R,1.01.01,LOJA,2025-07-25,2025-07-25,18388
2,5332,R,1.01.01,LOJA,2025-07-20,2025-07-21,53731
2,5333,R,1.01.01,LOJA,2025-07-27,2025-07-28,22134
2,5334,R,1.01.01,DELIVERY,2025-07-20,2025-07-21,33614
2,5335,R,1.01.01,LOJA,2025-07-23,2025-07-23,42631
2,5336,R,1.01.01,LOJA,2025-07-03,2025-07-04,43220
2,5337,R,1.01.01,LOJA,2025-07-24,2025-07-24,28639
2,5338,R,1.01.01,DELIVERY,2025-07-26,2025-07-26,24734
2,5339,R,1.01.01,LOJA,2025-07-21,2025-07-21,50372
2,5340,R,1.01.01,LOJA,2025-07-18,2025-07-18,19384
2,5341,R,1.01.01,DELIVERY,2025-07-14,2025-07-14,61005
2,5342,R,1.01.02,LOJA,2025-08-21,2025-08-21,42133
2,5343,R,1.01.02,LOJA,2025-08-24,2025-08-24,47256
2,5344,R,1.01.02,LOJA,2025-08-20,2025-08-21,41992
2,5345,R,1.01.02,LOJA,2025-08-05,2025-08-05,61434
2,5346,R,1.01.02,LOJA,2025-08-27,2025-08-27,54527
2,5347,R,1.01.02,LOJA,2025-08-20,2025-08-20,25703
2,5348,R,1.01.02,LOJA,2025-08-07,2025-08-07,41935
2,5349,R,1.01.02,LOJA,2025-08-17,2025-08-17,33770
2,5350,R,1.01.02,DELIVERY,2025-08-21,2025-08-22,40205
2,5351,R,1.01.02,LOJA,2025-08-17,2025-08-17,65792
2,5352,R,1.01.02,LOJA,2025-08-07,2025-08-08,61462
2,5353,R,1.01.02,DELIVERY,2025-08-27,2025-08-28,63895
2,5354,R,1.01.03,LOJA,2025-08-05,2025-08-05,57593
2,5355,R,1.01.03,LOJA,2025-08-14,2025-08-15,67897
2,5356,R,1.01.03,LOJA,2025-08-23,2025-08-23,69054
2,5357,P,2.01.01,LOJA,2025-08-03,2025-08-03,103839
2,5358,P,2.01.01,LOJA,2025-07-22,2025-07-22,84785
2,5359,P,2.01.01,DELIVERY,2025-07-27,2025-07-28,64076
2,5360,P,2.02.01,ADM,2025-07-15,2025-07-15,165000
2,5361,P,2.02.02,ADM,2025-07-26,2025-07-27,25953
2,5362,P,2.02.02,ADM,2025-07-24,2025-07-25,14244
2,5363,P,2.02.02,ADM,2025-07-17,2025-07-17,24421
2,5364,P,2.02.02,ADM,2025-08-04,2025-08-04,25828
2,5365,P,2.02.03,ADM,2025-07-05,2025-07-05,4152
2,5366,P,2.02.03,ADM,2025-07-25,2025-07-26,1888
2,5367,P,2.02.03,ADM,2025-07-05,2025-07-06,3016
2,5368,P,2.02.03,ADM,2025-07-02,2025-07-02,2968
2,5369,P,2.03.01,SOCIOS,2025-07-12,2025-07-13,37656
2,5370,P,2.03.01,SOCIOS,2025-07-28,2025-07-29,35102
2,5371,P,2.03.01,SOCIOS,2025-07-14,2025-07-15,24146
2,5372,P,2.03.02,SOCIOS,2025-07-13,2025-07-14,20553
2,5373,P,2.03.02,SOCIOS,2025-07-19,2025-07-19,12290
2,5374,P,2.03.02,SOCIOS,2025-07-15,2025-07-15,19998
2,5375,P,2.03.02,SOCIOS,2025-07-14,2025-07-14,20904
2,5376,P,2.03.02,SOCIOS,2025-07-03,2025-07-04,10677
2,5377,P,2.03.03,SOCIOS,2025-07-04,2025-07-04,16704
2,5378,P,2.03.03,SOCIOS,2025-07-17,2025-07-17,13644
2,5379,P,2.03.03,SOCIOS,2025-07-25,2025-07-26,11286
2,5380,P,2.03.04,SOCIOS,2025-07-27,2025-07-27,9833
2,5381,P,2.03.04,SOCIOS,2025-07-12,2025-07-12,8154
2,5382,R,1.01.01,LOJA,2025-08-15,2025-08-15,33585
2,5383,R,1.01.01,LOJA,2025-08-24,2025-08-24,58298
2,5384,R,1.01.01,LOJA,2025-08-27,2025-08-27,53230
2,5385,R,1.01.01,LOJA,2025-08-27,2025-08-27,44146
2,5386,R,1.01.01,LOJA,2025-08-07,2025-08-07,62450
2,5387,R,1.01.01,DELIVERY,2025-08-01,2025-08-02,59270
2,5388,R,1.01.01,DELIVERY,2025-08-11,2025-08-11,65381
2,5389,R,1.01.01,DELIVERY,2025-08-17,2025-08-17,68055
2,5390,R,1.01.01,LOJA,2025-08-07,2025-08-08,51300
2,5391,R,1.01.01,LOJA,2025-08-27,2025-08-27,70559
2,5392,R,1.01.01,LOJA,2025-08-24,2025-08-24,52923
2,5393,R,1.01.01,LOJA,2025-08-20,2025-08-21,36346
2,5394,R,1.01.02,DELIVERY,2025-09-15,2025-09-16,30910
2,5395,R,1.01.02,DELIVERY,2025-09-07,2025-09-07,39625
2,5396,R,1.01.02,LOJA,2025-09-18,2025-09-18,22913
2,5397,R,1.01.02,LOJA,2025-09-08,2025-09-09,20748
2,5398,R,1.01.02,LOJA,2025-09-11,2025-09-11,32009
2,5399,R,1.01.02,DELIVERY,2025-09-27,2025-09-27,25622
2,5400,R,1.01.02,DELIVERY,2025-09-07,2025-09-07,43786
2,5401,R,1.01.02,LOJA,2025-09-11,2025-09-12,55496
2,5402,R,1.01.02,LOJA,2025-09-12,2025-09-13,18927
2,5403,R,1.01.02,LOJA,2025-09-07,2025-09-08,54719
2,5404,R,1.01.02,LOJA,2025-09-25,2025-09-26,48862
2,5405,R,1.01.02,DELIVERY,2025-09-20,2025-09-21,42097
2,5406,R,1.01.03,LOJA,2025-09-21,2025-09-21,59172
2,5407,R,1.01.03,LOJA,2025-09-01,2025-09-01,61611
2,5408,R,1.01.03,LOJA,2025-09-25,2025-09-25,59026
2,5409,P,2.01.01,LOJA,2025-09-12,2025-09-12,87690
2,5410,P,2.01.01,LOJA,2025-09-03,2025-09-04,83785
2,5411,P,2.01.01,LOJA,2025-08-22,2025-08-22,59178
2,5412,P,2.02.01,ADM,2025-08-15,2025-08-15,165000
2,5413,P,2.02.02,ADM,2025-09-07,2025-09-08,19631
2,5414,P,2.02.02,ADM,2025-09-02,2025-09-03,9184
2,5415,P,2.02.02,ADM,2025-09-07,2025-09-08,24192
2,5416,P,2.02.02,ADM,2025-09-01,2025-09-01,10164
2,5417,P,2.02.03,ADM,2025-08-09,2025-08-09,1620
2,5418,P,2.02.03,ADM,2025-08-21,2025-08-21,3400
2,5419,P,2.02.03,ADM,2025-08-15,2025-08-16,4288
2,5420,P,2.02.03,ADM,2025-08-25,2025-08-25,3582
2,5421,P,2.03.01,SOCIOS,2025-08-15,2025-08-15,33784
2,5422,P,2.03.01,SOCIOS,2025-08-26,2025-08-27,23602
2,5423,P,2.03.01,SOCIOS,2025-08-28,2025-08-28,41771
2,5424,P,2.03.02,SOCIOS,2025-08-12,2025-08-13,15276
2,5425,P,2.03.02,SOCIOS,2025-08-10,2025-08-10,19584
2,5426,P,2.03.02,SOCIOS,2025-08-05,2025-08-05,17900
2,5427,P,2.03.02,SOCIOS,2025-08-10,2025-08-10,10843
2,5428,P,2.03.02,SOCIOS,2025-08-22,2025-08-22,10677
2,5429,P,2.03.03,SOCIOS,2025-08-13,2025-08-13,16939
2,5430,P,2.03.03,SOCIOS,2025-08-07,2025-08-07,12415
2,5431,P,2.03.03,SOCIOS,2025-08-19,2025-08-20,17861
2,5432,P,2.03.04,SOCIOS,2025-08-14,2025-08-14,8702
2,5433,P,2.03.04,SOCIOS,2025-08-18,2025-08-19,10860
2,5434,R,1.01.01,LOJA,2025-09-08,2025-09-08,56442
2,5435,R,1.01.01,LOJA,2025-09-05,2025-09-05,26825
2,5436,R,1.01.01,LOJA,2025-09-28,2025-09-29,22506
2,5437,R,1.01.01,DELIVERY,2025-09-07,2025-09-07,67623
2,5438,R,1.01.01,DELIVERY,2025-09-15,2025-09-15,47490
2,5439,R,1.01.01,LOJA,2025-09-23,2025-09-23,51168
2,5440,R,1.01.01,LOJA,2025-09-19,2025-09-20,26578
2,5441,R,1.01.01,LOJA,2025-09-04,2025-09-05,66884
2,5442,R,1.01.01,LOJA,2025-09-08,2025-09-08,19680
2,5443,R,1.01.01,DELIVERY,2025-09-24,2025-09-25,31015
2,5444,R,1.01.01,DELIVERY,2025-09-02,2025-09-02,34995
2,5445,R,1.01.01,DELIVERY,2025-09-01,2025-09-01,60003
2,5446,R,1.01.02,LOJA,2025-10-05,2025-10-05,56445
2,5447,R,1.01.02,DELIVERY,2025-10-18,2025-10-18,44176
2,5448,R,1.01.02,LOJA,2025-10-08,2025-10-09,27265
2,5449,R,1.01.02,LOJA,2025-10-16,2025-10-16,57207
2,5450,R,1.01.02,LOJA,2025-10-08,2025-10-08,19119
2,5451,R,1.01.02,LOJA,2025-10-03,2025-10-03,55887
2,5452,R,1.01.02,DELIVERY,2025-10-18,2025-10-18,58003
2,5453,R,1.01.02,LOJA,2025-10-27,2025-10-28,58287
2,5454,R,1.01.02,LOJA,2025-10-16,2025-10-17,35545
2,5455,R,1.01.02,LOJA,2025-10-28,2025-10-28,44108
2,5456,R,1.01.02,LOJA,2025-10-21,2025-10-21,35672
2,5457,R,1.01.02,DELIVERY,2025-10-02,2025-10-02,39885
2,5458,R,1.01.03,DELIVERY,2025-10-09,2025-10-09,29297
2,5459,R,1.01.03,LOJA,2025-10-18,2025-10-19,80189
2,5460,R,1.01.03,LOJA,2025-10-14,2025-10-15,73047
2,5461,P,2.01.01,DELIVERY,2025-09-25,2025-09-25,86576
2,5462,P,2.01.01,LOJA,2025-09-23,2025-09-24,54831
2,5463,P,2.01.01,LOJA,2025-10-04,2025-10-04,99367
2,5464,P,2.02.01,ADM,2025-09-15,2025-09-16,165000
2,5465,P,2.02.02,ADM,2025-09-20,2025-09-20,12033
2,5466,P,2.02.02,ADM,2025-10-04,2025-10-04,15826
2,5467,P,2.02.02,ADM,2025-09-15,2025-09-16,18054
2,5468,P,2.02.02,ADM,2025-09-28,2025-09-29,22140
2,5469,P,2.02.03,ADM,2025-09-14,2025-09-14,2023
2,5470,P,2.02.03,ADM,2025-09-06,2025-09-06,3156
2,5471,P,2.02.03,ADM,2025-09-02,2025-09-02,2149
2,5472,P,2.02.03,ADM,2025-09-24,2025-09-25,4068
2,5473,P,2.03.01,SOCIOS,2025-09-11,2025-09-12,43303
2,5474,P,2.03.01,SOCIOS,2025-09-02,2025-09-02,42762
2,5475,P,2.03.01,SOCIOS,2025-09-09,2025-09-09,37428
2,5476,P,2.03.02,SOCIOS,2025-09-07,2025-09-07,21066
2,5477,P,2.03.02,SOCIOS,2025-09-10,2025-09-10,17348
2,5478,P,2.03.02,SOCIOS,2025-09-03,2025-09-04,19066
2,5479,P,2.03.02,SOCIOS,2025-09-28,2025-09-28,14625
2,5480,P,2.03.02,SOCIOS,2025-09-10,2025-09-10,15826
2,5481,P,2.03.03,SOCIOS,2025-09-23,2025-09-24,14862
2,5482,P,2.03.03,SOCIOS,2025-09-08,2025-09-09,8217
2,5483,P,2.03.03,SOCIOS,2025-09-20,2025-09-20,8434
2,5484,P,2.03.04,SOCIOS,2025-09-14,2025-09-14,9740
2,5485,P,2.03.04,SOCIOS,2025-09-09,2025-09-09,10671
2,5486,R,1.01.01,LOJA,2025-10-28,2025-10-28,73602
2,5487,R,1.01.01,LOJA,2025-10-23,2025-10-23,26832
2,5488,R,1.01.01,LOJA,2025-10-01,2025-10-01,70517
2,5489,R,1.01.01,LOJA,2025-10-04,2025-10-04,30141
2,5490,R,1.01.01,DELIVERY,2025-10-01,2025-10-01,58678
2,5491,R,1.01.01,LOJA,2025-10-20,2025-10-20,32646
2,5492,R,1.01.01,LOJA,2025-10-22,2025-10-22,64686
2,5493,R,1.01.01,DELIVERY,2025-10-18,2025-10-18,22887
2,5494,R,1.01.01,LOJA,2025-10-13,2025-10-13,69767
2,5495,R,1.01.01,LOJA,2025-10-24,2025-10-24,32453
2,5496,R,1.01.01,DELIVERY,2025-10-17,2025-10-18,73941
2,5497,R,1.01.01,LOJA,2025-10-07,2025-10-07,65315
2,5498,R,1.01.02,DELIVERY,2025-11-22,2025-11-22,61568
2,5499,R,1.01.02,LOJA,2025-11-12,2025-11-12,47498
2,5500,R,1.01.02,LOJA,2025-11-02,2025-11-03,56745
2,5501,R,1.01.02,DELIVERY,2025-11-09,2025-11-09,29248
2,5502,R,1.01.02,LOJA,2025-11-02,2025-11-02,39786
2,5503,R,1.01.02,LOJA,2025-11-09,2025-11-09,22417
2,5504,R,1.01.02,LOJA,2025-10-31,2025-11-01,25277
2,5505,R,1.01.02,LOJA,2025-11-05,2025-11-05,31801
2,5506,R,1.01.02,LOJA,2025-11-01,2025-11-01,76043
2,5507,R,1.01.02,LOJA,2025-11-24,2025-11-24,65238
2,5508,R,1.01.02,LOJA,2025-11-07,2025-11-07,73844
2,5509,R,1.01.02,LOJA,2025-11-01,2025-11-02,21326
2,5510,R,1.01.03,LOJA,2025-11-02,2025-11-02,46357
2,5511,R,1.01.03,LOJA,2025-11-25,2025-11-25,50042
2,5512,R,1.01.03,LOJA,2025-11-05,2025-11-05,39412
2,5513,P,2.01.01,LOJA,2025-10-30,2025-10-31,92787
2,5514,P,2.01.01,LOJA,2025-11-08,2025-11-09,89766
2,5515,P,2.01.01,LOJA,2025-11-09,2025-11-09,83449
2,5516,P,2.02.01,ADM,2025-10-15,2025-10-15,165000
2,5517,P,2.02.02,ADM,2025-10-23,2025-10-24,20542
2,5518,P,2.02.02,ADM,2025-10-31,2025-10-31,21373
2,5519,P,2.02.02,ADM,2025-10-19,2025-10-19,20875
2,5520,P,2.02.02,ADM,2025-11-01,2025-11-02,9652
2,5521,P,2.02.03,ADM,2025-10-23,2025-10-24,3126
2,5522,P,2.02.03,ADM,2025-10-07,2025-10-07,1513
2,5523,P,2.02.03,ADM,2025-10-07,2025-10-07,2778
2,5524,P,2.02.03,ADM,2025-10-21,2025-10-22,1929
2,5525,P,2.03.01,SOCIOS,2025-10-10,2025-10-10,38898
2,5526,P,2.03.01,SOCIOS,2025-10-09,2025-10-09,29139
2,5527,P,2.03.01,SOCIOS,2025-10-07,2025-10-07,31559
2,5528,P,2.03.02,SOCIOS,2025-10-05,2025-10-05,11494
2,5529,P,2.03.02,SOCIOS,2025-10-21,2025-10-22,11578
2,5530,P,2.03.02,SOCIOS,2025-10-23,2025-10-23,12426
2,5531,P,2.03.02,SOCIOS,2025-10-07,2025-10-08,11792
2,5532,P,2.03.02,SOCIOS,2025-10-28,2025-10-29,22251
2,5533,P,2.03.03,SOCIOS,2025-10-01,2025-10-01,9423
2,5534,P,2.03.03,SOCIOS,2025-10-06,2025-10-07,15832
2,5535,P,2.03.03,SOCIOS,2025-10-03,2025-10-03,16390
2,5536,P,2.03.04,SOCIOS,2025-10-21,2025-10-22,8425
2,5537,P,2.03.04,SOCIOS,2025-10-07,2025-10-07,6044
2,5538,R,1.01.01,DELIVERY,2025-11-02,2025-11-03,64561
2,5539,R,1.01.01,LOJA,2025-11-23,2025-11-23,65905
2,5540,R,1.01.01,LOJA,2025-11-02,2025-11-02,50706
2,5541,R,1.01.01,LOJA,2025-11-20,2025-11-21,56822
2,5542,R,1.01.01,LOJA,2025-11-25,2025-11-26,28847
2,5543,R,1.01.01,LOJA,2025-11-10,2025-11-11,69911
2,5544,R,1.01.01,DELIVERY,2025-11-24,2025-11-24,50175
2,5545,R,1.01.01,LOJA,2025-11-27,2025-11-27,76058
2,5546,R,1.01.01,LOJA,2025-11-10,2025-11-11,53858
2,5547,R,1.01.01,LOJA,2025-11-11,2025-11-12,43025
2,5548,R,1.01.01,LOJA,2025-11-22,2025-11-23,30213
2,5549,R,1.01.01,LOJA,2025-11-07,2025-11-07,72608
2,5550,R,1.01.02,LOJA,2025-12-22,2025-12-22,40763
2,5551,R,1.01.02,LOJA,2025-12-05,2025-12-06,55166
2,5552,R,1.01.02,DELIVERY,2025-12-07,2025-12-07,45658
2,5553,R,1.01.02,LOJA,2025-12-21,2025-12-21,47164
2,5554,R,1.01.02,DELIVERY,2025-12-13,2025-12-13,69625
2,5555,R,1.01.02,DELIVERY,2025-12-02,2025-12-02,31733
2,5556,R,1.01.02,LOJA,2025-12-26,2025-12-27,25600
2,5557,R,1.01.02,LOJA,2025-12-12,2025-12-13,54037
2,5558,R,1.01.02,LOJA,2025-12-19,2025-12-20,25999
2,5559,R,1.01.02,LOJA,2025-12-10,2025-12-10,46522
2,5560,R,1.01.02,DELIVERY,2025-12-23,2025-12-23,61250
2,5561,R,1.01.02,LOJA,2025-12-22,2025-12-22,69504
2,5562,R,1.01.03,LOJA,2025-12-24,2025-12-24,52700
2,5563,R,1.01.03,LOJA,2025-12-05,2025-12-05,81102
2,5564,R,1.01.03,DELIVERY,2025-12-15,2025-12-16,45451
2,5565,P,2.01.01,LOJA,2025-12-05,2025-12-05,74990
2,5566,P,2.01.01,DELIVERY,2025-12-07,2025-12-08,98347
2,5567,P,2.01.01,LOJA,2025-11-25,2025-11-26,104803
2,5568,P,2.02.01,ADM,2025-11-15,2025-11-15,165000
2,5569,P,2.02.02,ADM,2025-11-19,2025-11-20,18613
2,5570,P,2.02.02,ADM,2025-11-14,2025-11-14,19917
2,5571,P,2.02.02,ADM,2025-12-02,2025-12-02,11888
2,5572,P,2.02.02,ADM,2025-11-28,2025-11-29,25148
2,5573,P,2.02.03,ADM,2025-11-04,2025-11-04,3255
2,5574,P,2.02.03,ADM,2025-11-18,2025-11-18,3604
2,5575,P,2.02.03,ADM,2025-11-02,2025-11-03,3173
2,5576,P,2.02.03,ADM,2025-11-11,2025-11-11,3018
2,5577,P,2.03.01,SOCIOS,2025-11-12,2025-11-12,27720
2,5578,P,2.03.01,SOCIOS,2025-11-21,2025-11-21,31192
2,5579,P,2.03.01,SOCIOS,2025-11-26,2025-11-27,24543
2,5580,P,2.03.02,SOCIOS,2025-11-26,2025-11-26,10467
2,5581,P,2.03.02,SOCIOS,2025-11-16,2025-11-16,15737
2,5582,P,2.03.02,SOCIOS,2025-11-23,2025-11-24,18116
2,5583,P,2.03.02,SOCIOS,2025-11-07,2025-11-07,22059
2,5584,P,2.03.02,SOCIOS,2025-11-12,2025-11-12,14357
2,5585,P,2.03.03,SOCIOS,2025-11-09,2025-11-09,13599
2,5586,P,2.03.03,SOCIOS,2025-11-19,2025-11-19,14834
2,5587,P,2.03.03,SOCIOS,2025-11-09,2025-11-10,12951
2,5588,P,2.03.04,SOCIOS,2025-11-11,2025-11-12,10496
2,5589,P,2.03.04,SOCIOS,2025-11-22,2025-11-23,8037
2,5590,R,1.01.01,LOJA,2025-12-07,2025-12-07,91744
2,5591,R,1.01.01,LOJA,2025-12-07,2025-12-08,47938
2,5592,R,1.01.01,DELIVERY,2025-12-24,2025-12-25,27059
2,5593,R,1.01.01,LOJA,2025-12-11,2025-12-12,77174
2,5594,R,1.01.01,DELIVERY,2025-12-07,2025-12-07,95837
2,5595,R,1.01.01,DELIVERY,2025-12-27,2025-12-28,93545
2,5596,R,1.01.01,LOJA,2025-12-07,2025-12-07,38291
2,5597,R,1.01.01,LOJA,2025-12-16,2025-12-17,52780
2,5598,R,1.01.01,DELIVERY,2025-12-05,2025-12-05,69000
2,5599,R,1.01.01,DELIVERY,2025-12-25,2025-12-25,44091
2,5600,R,1.01.01,LOJA,2025-12-01,2025-12-01,30460
2,5601,R,1.01.01,LOJA,2025-12-22,2025-12-22,86570
2,5602,R,1.01.02,LOJA,2026-01-17,2026-01-17,70917
2,5603,R,1.01.02,DELIVERY,2026-01-27,2026-01-28,95403
2,5604,R,1.01.02,LOJA,2026-01-01,2026-01-02,88498
2,5605,R,1.01.02,LOJA,2026-01-06,2026-01-07,46463
2,5606,R,1.01.02,LOJA,2026-01-06,2026-01-07,90522
2,5607,R,1.01.02,LOJA,2026-01-26,2026-01-26,96836
2,5608,R,1.01.02,DELIVERY,2026-01-04,2026-01-05,73342
2,5609,R,1.01.02,LOJA,2026-01-08,2026-01-08,47913
2,5610,R,1.01.02,LOJA,2026-01-04,2026-01-04,63444
2,5611,R,1.01.02,LOJA,2026-01-07,2026-01-07,40556
2,5612,R,1.01.02,DELIVERY,2026-01-10,2026-01-10,47149
2,5613,R,1.01.02,LOJA,2025-12-31,2025-12-31,82559
2,5614,R,1.01.03,LOJA,2026-01-18,2026-01-19,55565
2,5615,R,1.01.03,LOJA,2026-01-21,2026-01-21,39720
2,5616,R,1.01.03,LOJA,2026-01-21,2026-01-22,66607
2,5617,P,2.01.01,LOJA,2026-01-05,2026-01-05,139081
2,5618,P,2.01.01,DELIVERY,2026-01-08,2026-01-08,133386
2,5619,P,2.01.01,LOJA,2025-12-23,2025-12-23,150228
2,5620,P,2.02.01,ADM,2025-12-15,2025-12-15,165000
2,5621,P,2.02.02,ADM,2025-12-30,2025-12-31,17546
2,5622,P,2.02.02,ADM,2025-12-22,2025-12-22,25879
2,5623,P,2.02.02,ADM,2026-01-06,2026-01-06,17052
2,5624,P,2.02.02,ADM,2026-01-04,2026-01-05,14005
2,5625,P,2.02.03,ADM,2025-12-14,2025-12-14,2250
2,5626,P,2.02.03,ADM,2025-12-17,2025-12-17,2999
2,5627,P,2.02.03,ADM,2025-12-09,2025-12-09,3443
2,5628,P,2.02.03,ADM,2025-12-19,2025-12-20,1905
2,5629,P,2.03.01,SOCIOS,2025-12-15,2025-12-16,24064
2,5630,P,2.03.01,SOCIOS,2025-12-12,2025-12-12,27736
2,5631,P,2.03.01,SOCIOS,2025-12-05,2025-12-05,19454
2,5632,P,2.03.02,SOCIOS,2025-12-16,2025-12-17,21886
2,5633,P,2.03.02,SOCIOS,2025-12-15,2025-12-15,17467
2,5634,P,2.03.02,SOCIOS,2025-12-12,2025-12-12,15991
2,5635,P,2.03.02,SOCIOS,2025-12-10,2025-12-10,12429
2,5636,P,2.03.02,SOCIOS,2025-12-17,2025-12-17,16948
2,5637,P,2.03.03,SOCIOS,2025-12-19,2025-12-19,7286
2,5638,P,2.03.03,SOCIOS,2025-12-14,2025-12-15,9239
2,5639,P,2.03.03,SOCIOS,2025-12-07,2025-12-07,15815
2,5640,P,2.03.04,SOCIOS,2025-12-22,2025-12-23,4382
2,5641,P,2.03.04,SOCIOS,2025-12-24,2025-12-24,10121
2,5642,R,1.01.01,LOJA,2026-01-11,2026-01-11,42594
2,5643,R,1.01.01,LOJA,2026-01-09,2026-01-09,41814
2,5644,R,1.01.01,LOJA,2026-01-26,2026-01-26,46004
2,5645,R,1.01.01,LOJA,2026-01-13,2026-01-13,21002
2,5646,R,1.01.01,LOJA,2026-01-13,2026-01-13,62847
2,5647,R,1.01.01,LOJA,2026-01-11,2026-01-12,67006
2,5648,R,1.01.01,LOJA,2026-01-27,2026-01-28,39286
2,5649,R,1.01.01,LOJA,2026-01-15,2026-01-15,35152
2,5650,R,1.01.01,LOJA,2026-01-17,2026-01-17,38807
2,5651,R,1.01.01,LOJA,2026-01-19,2026-01-19,62140
2,5652,R,1.01.01,DELIVERY,2026-01-21,2026-01-21,34535
2,5653,R,1.01.01,LOJA,2026-01-26,2026-01-26,60547
2,5654,R,1.01.02,LOJA,2026-02-23,2026-02-23,32580
2,5655,R,1.01.02,LOJA,2026-02-05,2026-02-05,56712
2,5656,R,1.01.02,DELIVERY,2026-02-09,2026-02-10,25705
2,5657,R,1.01.02,DELIVERY,2026-01-31,2026-02-01,54656
2,5658,R,1.01.02,LOJA,2026-02-25,2026-02-25,54725
2,5659,R,1.01.02,LOJA,2026-02-22,2026-02-22,17752
2,5660,R,1.01.02,DELIVERY,2026-02-21,2026-02-22,44238
2,5661,R,1.01.02,LOJA,2026-02-05,2026-02-06,54130
2,5662,R,1.01.02,LOJA,2026-02-10,2026-02-11,67201
2,5663,R,1.01.02,DELIVERY,2026-02-17,2026-02-18,35280
2,5664,R,1.01.02,LOJA,2026-02-01,2026-02-02,48044
2,5665,R,1.01.02,DELIVERY,2026-02-06,2026-02-07,42517
2,5666,R,1.01.03,LOJA,2026-02-05,2026-02-05,43807
2,5667,R,1.01.03,LOJA,2026-02-21,2026-02-21,35170
2,5668,R,1.01.03,LOJA,2026-02-09,2026-02-09,36191
2,5669,P,2.01.01,LOJA,2026-02-10,2026-02-10,71435
2,5670,P,2.01.01,LOJA,2026-01-25,2026-01-26,59883
2,5671,P,2.01.01,LOJA,2026-01-22,2026-01-23,100103
2,5672,P,2.02.01,ADM,2026-01-15,2026-01-15,180000
2,5673,P,2.02.02,ADM,2026-01-12,2026-01-12,9853
2,5674,P,2.02.02,ADM,2026-01-31,2026-02-01,23311
2,5675,P,2.02.02,ADM,2026-02-05,2026-02-06,11068
2,5676,P,2.02.02,ADM,2026-02-01,2026-02-02,10027
2,5677,P,2.02.03,ADM,2026-01-24,2026-01-24,3777
2,5678,P,2.02.03,ADM,2026-01-11,2026-01-11,4186
2,5679,P,2.02.03,ADM,2026-01-13,2026-01-13,4263
2,5680,P,2.02.03,ADM,2026-01-15,2026-01-15,3086
2,5681,P,2.03.01,SOCIOS,2026-01-11,2026-01-11,38067
2,5682,P,2.03.01,SOCIOS,2026-01-15,2026-01-15,39871
2,5683,P,2.03.01,SOCIOS,2026-01-11,2026-01-12,33887
2,5684,P,2.03.02,SOCIOS,2026-01-20,2026-01-21,12045
2,5685,P,2.03.02,SOCIOS,2026-01-14,2026-01-15,10179
2,5686,P,2.03.02,SOCIOS,2026-01-05,2026-01-05,17302
2,5687,P,2.03.02,SOCIOS,2026-01-27,2026-01-28,11585
2,5688,P,2.03.02,SOCIOS,2026-01-19,2026-01-19,20262
2,5689,P,2.03.03,SOCIOS,2026-01-16,2026-01-16,12557
2,5690,P,2.03.03,SOCIOS,2026-01-09,2026-01-09,17505
2,5691,P,2.03.03,SOCIOS,2026-01-14,2026-01-14,8213
2,5692,P,2.03.04,SOCIOS,2026-01-09,2026-01-09,9944
2,5693,P,2.03.04,SOCIOS,2026-01-18,2026-01-18,9246
2,5694,R,1.01.01,LOJA,2026-02-18,2026-02-19,57313
2,5695,R,1.01.01,DELIVERY,2026-02-10,2026-02-10,34665
2,5696,R,1.01.01,DELIVERY,2026-02-09,2026-02-10,39924
2,5697,R,1.01.01,LOJA,2026-02-04,2026-02-04,21082
2,5698,R,1.01.01,LOJA,2026-02-23,2026-02-24,22433
2,5699,R,1.01.01,LOJA,2026-02-16,2026-02-16,31962
2,5700,R,1.01.01,DELIVERY,2026-02-17,2026-02-17,56627
2,5701,R,1.01.01,LOJA,2026-02-17,2026-02-17,33159
2,5702,R,1.01.01,LOJA,2026-02-01,2026-02-01,55374
2,5703,R,1.01.01,LOJA,2026-02-20,2026-02-20,38179
2,5704,R,1.01.01,DELIVERY,2026-02-20,2026-02-20,26413
2,5705,R,1.01.01,DELIVERY,2026-02-13,2026-02-13,53014
2,5706,R,1.01.02,LOJA,2026-03-03,2026-03-03,48830
2,5707,R,1.01.02,DELIVERY,2026-03-26,2026-03-26,32691
2,5708,R,1.01.02,LOJA,2026-03-07,2026-03-08,63617
2,5709,R,1.01.02,LOJA,2026-03-09,2026-03-09,36722
2,5710,R,1.01.02,DELIVERY,2026-03-17,2026-03-17,48208
2,5711,R,1.01.02,DELIVERY,2026-03-05,2026-03-06,28528
2,5712,R,1.01.02,LOJA,2026-03-10,2026-03-11,39885
2,5713,R,1.01.02,LOJA,2026-03-11,2026-03-11,56448
2,5714,R,1.01.02,LOJA,2026-03-20,2026-03-21,32567
2,5715,R,1.01.02,LOJA,2026-03-17,2026-03-18,66214
2,5716,R,1.01.02,DELIVERY,2026-03-03,2026-03-03,41722
2,5717,R,1.01.02,DELIVERY,2026-03-20,2026-03-21,59107
2,5718,R,1.01.03,LOJA,2026-03-10,2026-03-10,49472
2,5719,R,1.01.03,LOJA,2026-03-14,,29297
2,5720,R,1.01.03,DELIVERY,2026-03-25,2026-03-25,42930
2,5721,P,2.01.01,LOJA,2026-03-19,2026-03-19,55109
2,5722,P,2.01.01,DELIVERY,2026-03-21,2026-03-22,103601
2,5723,P,2.01.01,LOJA,2026-03-07,2026-03-07,78342
2,5724,P,2.02.01,ADM,2026-02-15,2026-02-16,180000
2,5725,P,2.02.02,ADM,2026-02-14,2026-02-14,20054
2,5726,P,2.02.02,ADM,2026-03-03,2026-03-04,17804
2,5727,P,2.02.02,ADM,2026-03-05,2026-03-05,20785
2,5728,P,2.02.02,ADM,2026-03-03,2026-03-03,17317
2,5729,P,2.02.03,ADM,2026-02-25,2026-02-25,1589
2,5730,P,2.02.03,ADM,2026-02-16,2026-02-17,3607
2,5731,P,2.02.03,ADM,2026-02-01,2026-02-01,2409
2,5732,P,2.02.03,ADM,2026-02-01,2026-02-01,2693
2,5733,P,2.03.01,SOCIOS,2026-02-27,2026-02-27,37120
2,5734,P,2.03.01,SOCIOS,2026-02-11,2026-02-11,42065
2,5735,P,2.03.01,SOCIOS,2026-02-19,2026-02-19,35988
2,5736,P,2.03.02,SOCIOS,2026-02-17,2026-02-17,16734
2,5737,P,2.03.02,SOCIOS,2026-02-10,2026-02-11,12257
2,5738,P,2.03.02,SOCIOS,2026-02-20,2026-02-20,24277
2,5739,P,2.03.02,SOCIOS,2026-02-14,2026-02-15,19596
2,5740,P,2.03.02,SOCIOS,2026-02-03,2026-02-03,13633
2,5741,P,2.03.03,SOCIOS,2026-02-28,2026-02-28,15868
2,5742,P,2.03.03,SOCIOS,2026-02-03,2026-02-04,12718
2,5743,P,2.03.03,SOCIOS,2026-02-05,2026-02-05,6959
2,5744,P,2.03.04,SOCIOS,2026-02-25,2026-02-25,8828
2,5745,P,2.03.04,SOCIOS,2026-02-17,2026-02-17,10756
2,5746,R,1.01.01,LOJA,2026-03-13,2026-03-13,52441
2,5747,R,1.01.01,DELIVERY,2026-03-14,2026-03-14,39927
2,5748,R,1.01.01,LOJA,2026-03-13,2026-03-13,50813
2,5749,R,1.01.01,LOJA,2026-03-09,2026-03-09,62332
2,5750,R,1.01.01,LOJA,2026-03-20,2026-03-20,21764
2,5751,R,1.01.01,LOJA,2026-03-20,2026-03-20,33446
2,5752,R,1.01.01,LOJA,2026-03-28,2026-03-28,66359
2,5753,R,1.01.01,LOJA,2026-03-22,2026-03-23,33963
2,5754,R,1.01.01,LOJA,2026-03-09,2026-03-09,42447
2,5755,R,1.01.01,LOJA,2026-03-27,2026-03-28,68832
2,5756,R,1.01.01,LOJA,2026-03-22,2026-03-23,54599
2,5757,R,1.01.01,DELIVERY,2026-03-19,2026-03-20,66808
2,5758,R,1.01.02,LOJA,2026-04-09,2026-04-10,51259
2,5759,R,1.01.02,LOJA,2026-03-31,2026-03-31,61160
2,5760,R,1.01.02,LOJA,2026-04-03,2026-04-04,77128
2,5761,R,1.01.02,LOJA,2026-04-05,2026-04-05,52504
2,5762,R,1.01.02,LOJA,2026-04-08,2026-04-08,69683
2,5763,R,1.01.02,LOJA,2026-04-19,2026-04-19,40962
2,5764,R,1.01.02,LOJA,2026-04-10,2026-04-10,60420
2,5765,R,1.01.02,LOJA,2026-04-22,2026-04-22,26565
2,5766,R,1.01.02,DELIVERY,2026-04-19,2026-04-20,30399
2,5767,R,1.01.02,DELIVERY,2026-04-09,2026-04-09,64837
2,5768,R,1.01.02,DELIVERY,2026-04-14,2026-04-14,66550
2,5769,R,1.01.02,LOJA,2026-04-05,2026-04-05,39185
2,5770,R,1.01.03,LOJA,2026-04-16,2026-04-17,34172
2,5771,R,1.01.03,DELIVERY,2026-04-09,2026-04-09,63733
2,5772,R,1.01.03,DELIVERY,2026-04-18,2026-04-18,66564
2,5773,P,2.01.01,LOJA,2026-04-12,2026-04-13,114887
2,5774,P,2.01.01,LOJA,2026-04-12,2026-04-13,122305
2,5775,P,2.01.01,LOJA,2026-04-03,2026-04-03,53215
2,5776,P,2.02.01,ADM,2026-03-15,2026-03-15,180000
2,5777,P,2.02.02,ADM,2026-04-05,2026-04-06,15149
2,5778,P,2.02.02,ADM,2026-03-16,2026-03-17,15207
2,5779,P,2.02.02,ADM,2026-03-30,2026-03-30,17527
2,5780,P,2.02.02,ADM,2026-03-23,2026-03-23,18225
2,5781,P,2.02.03,ADM,2026-03-16,2026-03-16,2181
2,5782,P,2.02.03,ADM,2026-03-01,2026-03-01,4294
2,5783,P,2.02.03,ADM,2026-03-12,2026-03-12,2429
2,5784,P,2.02.03,ADM,2026-03-28,2026-03-28,2535
2,5785,P,2.03.01,SOCIOS,2026-03-15,2026-03-15,26127
2,5786,P,2.03.01,SOCIOS,2026-03-10,2026-03-10,32983
2,5787,P,2.03.01,SOCIOS,2026-03-01,2026-03-02,23735
2,5788,P,2.03.02,SOCIOS,2026-03-05,2026-03-06,18788
2,5789,P,2.03.02,SOCIOS,2026-03-04,2026-03-04,11339
2,5790,P,2.03.02,SOCIOS,2026-03-13,2026-03-14,18419
2,5791,P,2.03.02,SOCIOS,2026-03-16,2026-03-16,20750
2,5792,P,2.03.02,SOCIOS,2026-03-06,2026-03-07,21360
2,5793,P,2.03.03,SOCIOS,2026-03-01,2026-03-01,16136
2,5794,P,2.03.03,SOCIOS,2026-03-06,2026-03-07,12520
2,5795,P,2.03.03,SOCIOS,2026-03-25,2026-03-25,17120
2,5796,P,2.03.04,SOCIOS,2026-03-04,2026-03-05,10473
2,5797,P,2.03.04,SOCIOS,2026-03-19,2026-03-19,10596
2,5798,R,1.01.01,DELIVERY,2026-04-17,2026-04-17,36471
2,5799,R,1.01.01,DELIVERY,2026-04-19,2026-04-20,73033
2,5800,R,1.01.01,DELIVERY,2026-04-28,2026-04-28,74442
2,5801,R,1.01.01,DELIVERY,2026-04-12,2026-04-12,30068
2,5802,R,1.01.01,DELIVERY,2026-04-27,2026-04-27,25783
2,5803,R,1.01.01,DELIVERY,2026-04-05,2026-04-05,37808
2,5804,R,1.01.01,DELIVERY,2026-04-28,2026-04-28,72881
2,5805,R,1.01.01,LOJA,2026-04-27,2026-04-28,60548
2,5806,R,1.01.01,LOJA,2026-04-03,2026-04-03,73903
2,5807,R,1.01.01,LOJA,2026-04-03,2026-04-03,68856
2,5808,R,1.01.01,LOJA,2026-04-10,2026-04-11,60792
2,5809,R,1.01.01,LOJA,2026-04-23,2026-04-23,32389
2,5810,R,1.01.02,DELIVERY,2026-05-26,2026-05-27,54124
2,5811,R,1.01.02,LOJA,2026-05-01,2026-05-02,34316
2,5812,R,1.01.02,LOJA,2026-05-24,2026-05-25,31390
2,5813,R,1.01.02,LOJA,2026-05-04,2026-05-05,49891
2,5814,R,1.01.02,LOJA,2026-05-03,2026-05-03,64185
2,5815,R,1.01.02,LOJA,2026-05-04,2026-05-05,70668
2,5816,R,1.01.02,LOJA,2026-05-26,2026-05-26,60143
2,5817,R,1.01.02,LOJA,2026-05-11,2026-05-11,49033
2,5818,R,1.01.02,DELIVERY,2026-05-06,2026-05-07,40491
2,5819,R,1.01.02,LOJA,2026-05-23,2026-05-24,62478
2,5820,R,1.01.02,LOJA,2026-05-06,2026-05-07,50186
2,5821,R,1.01.02,DELIVERY,2026-05-13,2026-05-13,38678
2,5822,R,1.01.03,LOJA,2026-05-01,2026-05-01,54140
2,5823,R,1.01.03,LOJA,2026-05-07,2026-05-07,69255
2,5824,R,1.01.03,LOJA,2026-05-18,2026-05-18,31109
2,5825,P,2.01.01,LOJA,2026-05-17,2026-05-17,122420
2,5826,P,2.01.01,LOJA,2026-04-25,2026-04-25,74446
2,5827,P,2.01.01,LOJA,2026-04-29,2026-04-29,62219
2,5828,P,2.02.01,ADM,2026-04-15,2026-04-16,180000
2,5829,P,2.02.02,ADM,2026-04-17,2026-04-17,21624
2,5830,P,2.02.02,ADM,2026-04-28,2026-04-29,18369
2,5831,P,2.02.02,ADM,2026-04-24,2026-04-24,11349
2,5832,P,2.02.02,ADM,2026-04-19,2026-04-20,14026
2,5833,P,2.02.03,ADM,2026-04-15,2026-04-15,3162
2,5834,P,2.02.03,ADM,2026-04-18,2026-04-18,2800
2,5835,P,2.02.03,ADM,2026-04-09,2026-04-09,2621
2,5836,P,2.02.03,ADM,2026-04-25,2026-04-25,2516
2,5837,P,2.03.01,SOCIOS,2026-04-27,2026-04-27,36582
2,5838,P,2.03.01,SOCIOS,2026-04-28,2026-04-29,20358
2,5839,P,2.03.01,SOCIOS,2026-04-25,2026-04-25,35813
2,5840,P,2.03.02,SOCIOS,2026-04-15,2026-04-15,12683
2,5841,P,2.03.02,SOCIOS,2026-04-15,2026-04-15,23546
2,5842,P,2.03.02,SOCIOS,2026-04-07,2026-04-07,20333
2,5843,P,2.03.02,SOCIOS,2026-04-09,2026-04-09,14799
2,5844,P,2.03.02,SOCIOS,2026-04-04,2026-04-04,24948
2,5845,P,2.03.03,SOCIOS,2026-04-25,2026-04-26,16345
2,5846,P,2.03.03,SOCIOS,2026-04-11,2026-04-12,17258
2,5847,P,2.03.03,SOCIOS,2026-04-05,2026-04-06,8828
2,5848,P,2.03.04,SOCIOS,2026-04-15,2026-04-16,5674
2,5849,P,2.03.04,SOCIOS,2026-04-15,2026-04-16,9538
2,5850,R,1.01.01,LOJA,2026-05-05,2026-05-05,64903
2,5851,R,1.01.01,LOJA,2026-05-06,2026-05-06,47599
2,5852,R,1.01.01,LOJA,2026-05-02,2026-05-03,80866
2,5853,R,1.01.01,LOJA,2026-05-10,2026-05-10,59340
2,5854,R,1.01.01,LOJA,2026-05-06,2026-05-06,56334
2,5855,R,1.01.01,LOJA,2026-05-26,2026-05-27,56387
2,5856,R,1.01.01,LOJA,2026-05-05,2026-05-05,41605
2,5857,R,1.01.01,DELIVERY,2026-05-24,2026-05-24,22767
2,5858,R,1.01.01,DELIVERY,2026-05-09,2026-05-10,21795
2,5859,R,1.01.01,LOJA,2026-05-18,2026-05-18,72826
2,5860,R,1.01.01,LOJA,2026-05-10,2026-05-10,54424
2,5861,R,1.01.01,LOJA,2026-05-26,2026-05-26,67496
2,5862,R,1.01.02,DELIVERY,2026-06-18,2026-06-18,50062
2,5863,R,1.01.02,LOJA,2026-06-18,2026-06-19,69015
2,5864,R,1.01.02,DELIVERY,2026-06-12,2026-06-12,59545
2,5865,R,1.01.02,DELIVERY,2026-06-24,2026-06-25,52385
2,5866,R,1.01.02,LOJA,2026-06-22,2026-06-22,57230
2,5867,R,1.01.02,DELIVERY,2026-06-15,2026-06-15,43441
2,5868,R,1.01.02,LOJA,2026-06-24,2026-06-24,80097
2,5869,R,1.01.02,LOJA,2026-06-06,2026-06-07,53088
2,5870,R,1.01.02,LOJA,2026-06-25,2026-06-25,73801
2,5871,R,1.01.02,DELIVERY,2026-06-05,2026-06-05,27829
2,5872,R,1.01.02,LOJA,2026-06-14,2026-06-14,47386
2,5873,R,1.01.02,DELIVERY,2026-06-20,2026-06-21,27378
2,5874,R,1.01.03,LOJA,2026-06-09,,51612
2,5875,R,1.01.03,LOJA,2026-06-02,2026-06-02,57941
2,5876,R,1.01.03,LOJA,2026-06-14,2026-06-15,57695
2,5877,P,2.01.01,LOJA,2026-06-05,2026-06-05,76771
2,5878,P,2.01.01,LOJA,2026-06-01,2026-06-01,122000
2,5879,P,2.01.01,DELIVERY,2026-06-03,2026-06-03,65869
2,5880,P,2.02.01,ADM,2026-05-15,2026-05-15,180000
2,5881,P,2.02.02,ADM,2026-05-25,2026-05-25,25807
2,5882,P,2.02.02,ADM,2026-06-02,2026-06-02,20957
2,5883,P,2.02.02,ADM,2026-05-15,2026-05-15,13879
2,5884,P,2.02.02,ADM,2026-05-31,2026-05-31,14488
2,5885,P,2.02.03,ADM,2026-05-28,2026-05-28,2901
2,5886,P,2.02.03,ADM,2026-05-10,2026-05-11,4292
2,5887,P,2.02.03,ADM,2026-05-16,2026-05-16,1951
2,5888,P,2.02.03,ADM,2026-05-19,2026-05-19,3265
2,5889,P,2.03.01,SOCIOS,2026-05-19,2026-05-19,23521
2,5890,P,2.03.01,SOCIOS,2026-05-08,2026-05-08,38945
2,5891,P,2.03.01,SOCIOS,2026-05-10,2026-05-11,25669
2,5892,P,2.03.02,SOCIOS,2026-05-15,2026-05-15,10618
2,5893,P,2.03.02,SOCIOS,2026-05-27,2026-05-28,13427
2,5894,P,2.03.02,SOCIOS,2026-05-25,2026-05-26,16198
2,5895,P,2.03.02,SOCIOS,2026-05-27,2026-05-28,17012
2,5896,P,2.03.02,SOCIOS,2026-05-25,2026-05-26,20755
2,5897,P,2.03.03,SOCIOS,2026-05-10,2026-05-10,17664
2,5898,P,2.03.03,SOCIOS,2026-05-20,2026-05-20,15644
2,5899,P,2.03.03,SOCIOS,2026-05-14,2026-05-15,17604
2,5900,P,2.03.04,SOCIOS,2026-05-16,2026-05-17,4268
2,5901,P,2.03.04,SOCIOS,2026-05-08,2026-05-08,10234
2,5902,R,1.01.01,LOJA,2026-06-20,2026-06-21,30427
2,5903,R,1.01.01,DELIVERY,2026-06-11,2026-06-11,25007
2,5904,R,1.01.01,LOJA,2026-06-10,2026-06-10,24802
2,5905,R,1.01.01,LOJA,2026-06-27,2026-06-28,22770
2,5906,R,1.01.01,LOJA,2026-06-09,2026-06-09,75210
2,5907,R,1.01.01,LOJA,2026-06-11,2026-06-12,71921
2,5908,R,1.01.01,LOJA,2026-06-06,2026-06-07,45456
2,5909,R,1.01.01,LOJA,2026-06-22,2026-06-22,70944
2,5910,R,1.01.01,LOJA,2026-06-08,2026-06-08,40941
2,5911,R,1.01.01,LOJA,2026-06-15,2026-06-15,26614
2,5912,R,1.01.01,LOJA,2026-06-26,2026-06-26,51709
2,5913,R,1.01.01,DELIVERY,2026-06-24,2026-06-24,46232
2,5914,R,1.01.02,LOJA,2026-07-28,2026-07-29,48032
2,5915,R,1.01.02,LOJA,2026-07-11,2026-07-11,48162
2,5916,R,1.01.02,LOJA,2026-07-23,2026-07-23,31894
2,5917,R,1.01.02,LOJA,2026-07-27,2026-07-28,55437
2,5918,R,1.01.02,LOJA,2026-07-08,2026-07-09,75375
2,5919,R,1.01.02,LOJA,2026-07-16,2026-07-16,36051
2,5920,R,1.01.02,LOJA,2026-07-12,2026-07-12,78843
2,5921,R,1.01.02,DELIVERY,2026-07-18,2026-07-18,65030
2,5922,R,1.01.02,LOJA,2026-07-04,2026-07-04,29850
2,5923,R,1.01.02,DELIVERY,2026-07-25,2026-07-26,79356
2,5924,R,1.01.02,DELIVERY,2026-07-26,2026-07-26,68336
2,5925,R,1.01.02,LOJA,2026-07-05,2026-07-06,43588
2,5926,R,1.01.03,LOJA,2026-07-14,2026-07-14,73339
2,5927,R,1.01.03,LOJA,2026-07-18,2026-07-18,72934
2,5928,R,1.01.03,LOJA,2026-07-15,2026-07-15,44297
2,5929,P,2.01.01,LOJA,2026-07-13,2026-07-13,61421
2,5930,P,2.01.01,DELIVERY,2026-07-03,2026-07-04,103728
2,5931,P,2.01.01,LOJA,2026-07-02,2026-07-03,69594
2,5932,P,2.02.01,ADM,2026-06-15,2026-06-15,180000
2,5933,P,2.02.02,ADM,2026-07-07,2026-07-07,17569
2,5934,P,2.02.02,ADM,2026-06-23,2026-06-23,11877
2,5935,P,2.02.02,ADM,2026-06-17,2026-06-17,11596
2,5936,P,2.02.02,ADM,2026-06-13,2026-06-13,13669
2,5937,P,2.02.03,ADM,2026-06-05,2026-06-05,3349
2,5938,P,2.02.03,ADM,2026-06-18,2026-06-18,2258
2,5939,P,2.02.03,ADM,2026-06-04,2026-06-05,3510
2,5940,P,2.02.03,ADM,2026-06-08,2026-06-09,3997
2,5941,P,2.03.01,SOCIOS,2026-06-09,2026-06-09,29105
2,5942,P,2.03.01,SOCIOS,2026-06-10,2026-06-10,44766
2,5943,P,2.03.01,SOCIOS,2026-06-17,2026-06-17,23940
2,5944,P,2.03.02,SOCIOS,2026-06-13,2026-06-13,22561
2,5945,P,2.03.02,SOCIOS,2026-06-17,2026-06-17,17295
2,5946,P,2.03.02,SOCIOS,2026-06-09,2026-06-09,16319
2,5947,P,2.03.02,SOCIOS,2026-06-13,2026-06-13,19950
2,5948,P,2.03.02,SOCIOS,2026-06-01,2026-06-01,22715
2,5949,P,2.03.03,SOCIOS,2026-06-11,2026-06-11,7880
2,5950,P,2.03.03,SOCIOS,2026-06-23,2026-06-24,7725
2,5951,P,2.03.03,SOCIOS,2026-06-14,2026-06-14,10908
2,5952,P,2.03.04,SOCIOS,2026-06-02,2026-06-02,6614
2,5953,P,2.03.04,SOCIOS,2026-06-23,2026-06-23,6573
